-- MySQL dump 10.13  Distrib 5.7.29, for Linux (x86_64)
--
-- Host: localhost    Database: sku
-- ------------------------------------------------------
-- Server version	5.7.29-0ubuntu0.18.04.1

/*!40101 SET @OLD_CHARACTER_SET_CLIENT=@@CHARACTER_SET_CLIENT */;
/*!40101 SET @OLD_CHARACTER_SET_RESULTS=@@CHARACTER_SET_RESULTS */;
/*!40101 SET @OLD_COLLATION_CONNECTION=@@COLLATION_CONNECTION */;
/*!40101 SET NAMES utf8 */;
/*!40103 SET @OLD_TIME_ZONE=@@TIME_ZONE */;
/*!40103 SET TIME_ZONE='+00:00' */;
/*!40014 SET @OLD_UNIQUE_CHECKS=@@UNIQUE_CHECKS, UNIQUE_CHECKS=0 */;
/*!40014 SET @OLD_FOREIGN_KEY_CHECKS=@@FOREIGN_KEY_CHECKS, FOREIGN_KEY_CHECKS=0 */;
/*!40101 SET @OLD_SQL_MODE=@@SQL_MODE, SQL_MODE='NO_AUTO_VALUE_ON_ZERO' */;
/*!40111 SET @OLD_SQL_NOTES=@@SQL_NOTES, SQL_NOTES=0 */;

--
-- Table structure for table `brands`
--

DROP TABLE IF EXISTS `brands`;
/*!40101 SET @saved_cs_client     = @@character_set_client */;
/*!40101 SET character_set_client = utf8 */;
CREATE TABLE `brands` (
  `brand_name` varchar(255) NOT NULL,
  `brand_code` int(200) NOT NULL AUTO_INCREMENT,
  PRIMARY KEY (`brand_code`),
  UNIQUE KEY `brand_code` (`brand_code`),
  UNIQUE KEY `brand_name` (`brand_name`)
) ENGINE=MyISAM AUTO_INCREMENT=37 DEFAULT CHARSET=latin7;
/*!40101 SET character_set_client = @saved_cs_client */;

--
-- Dumping data for table `brands`
--

LOCK TABLES `brands` WRITE;
/*!40000 ALTER TABLE `brands` DISABLE KEYS */;
INSERT INTO `brands` VALUES ('Generic',10),('LEGO',11),('Wonder Workshop',12),('Makedo',13),('Littlebits Electronics',14),('Snap Circuits',15),('Tongling',16),('ASAIR',17),('Spectra',18),('FlySky',19),('iMax',20),('Element 14',21),('SparkFun',22),('Univolt',23),('Tower Pro',24),('ABRO',25),('Soldron',26),('Bosch',27),('Stanley',28),('Dremel 2000',29),('Vomo',30),('Pagkis',31),('Stiga',32),('Surya',33),('Munix',34),('Taparia',35),('Station 75',36);
/*!40000 ALTER TABLE `brands` ENABLE KEYS */;
UNLOCK TABLES;

--
-- Table structure for table `item_list`
--

DROP TABLE IF EXISTS `item_list`;
/*!40101 SET @saved_cs_client     = @@character_set_client */;
/*!40101 SET character_set_client = utf8 */;
CREATE TABLE `item_list` (
  `item_pic` mediumblob,
  `main_category` varchar(255) NOT NULL,
  `main_code` int(200) NOT NULL,
  `sub_category` varchar(255) NOT NULL,
  `sub_code` int(200) NOT NULL,
  `item_name` varchar(255) NOT NULL,
  `item_code` int(200) NOT NULL,
  `brand_name` varchar(255) NOT NULL,
  `brand_code` int(200) NOT NULL,
  `sku_number` bigint(255) NOT NULL,
  `id` int(200) NOT NULL AUTO_INCREMENT,
  PRIMARY KEY (`id`),
  UNIQUE KEY `sku_number` (`sku_number`),
  UNIQUE KEY `item_name` (`item_name`)
) ENGINE=MyISAM AUTO_INCREMENT=683 DEFAULT CHARSET=latin7;
/*!40101 SET character_set_client = @saved_cs_client */;

--
-- Dumping data for table `item_list`
--

LOCK TABLES `item_list` WRITE;
/*!40000 ALTER TABLE `item_list` DISABLE KEYS */;
INSERT INTO `item_list` VALUES (NULL,'Arts & Crafts',10,'Arts & Crafts',100,'Jute Twine Thread 30gm',100,'Generic',10,1010010010,100),(NULL,'Arts & Crafts',10,'Arts & Crafts',100,'Metal Brads Paper Fastners (Pack of 20)',101,'Generic',10,1010010110,101),(NULL,'Arts & Crafts',10,'Arts & Crafts',100,'Wooden Pop Sticks-102mm x 10mm (Pack of 50)',102,'Generic',10,1010010210,102),(NULL,'Arts & Crafts',10,'Arts & Crafts',100,'Mini Cable Tie 4 inch',103,'Generic',10,1010010310,103),(NULL,'Arts & Crafts',10,'Arts & Crafts',100,'Fixwell Strong Instant Adhesive',104,'Generic',10,1010010410,104),(NULL,'Arts & Crafts',10,'Arts & Crafts',100,'Bi Convex Lens Pair 45mm Focal Length',105,'Generic',10,1010010510,105),(NULL,'Arts & Crafts',10,'Arts & Crafts',100,'Metal Binder Clips Black 25mm (Pack of 12)',106,'Generic',10,1010010610,106),(NULL,'Arts & Crafts',10,'Arts & Crafts',100,'Transparent Cello Tape 1 inch',107,'Generic',10,1010010710,107),(NULL,'Arts & Crafts',10,'Arts & Crafts',100,'Plain Plastic Funnel',108,'Generic',10,1010010810,108),(NULL,'Arts & Crafts',10,'Arts & Crafts',100,'Colorful Rubber Band 1 inch (Pack of 100)',109,'Generic',10,1010010910,109),(NULL,'Arts & Crafts',10,'Arts & Crafts',100,'Colorful Rubber Band 3 inch (Pack of 100)',110,'Generic',10,1010011010,110),(NULL,'Arts & Crafts',10,'Arts & Crafts',100,'Velcro Strips 25mm width 1m length',111,'Generic',10,1010011110,111),(NULL,'Arts & Crafts',10,'Arts & Crafts',100,'Double Sided Tape 20mm',112,'Generic',10,1010011210,112),(NULL,'Arts & Crafts',10,'Arts & Crafts',100,'Steel Paper Clip 35mm Pointed (Pack of 100 pcs)',113,'Generic',10,1010011310,113),(NULL,'Arts & Crafts',10,'Arts & Crafts',100,'Double Sided Circular Tape (Pack of 20)',114,'Generic',10,1010011410,114),(NULL,'Arts & Crafts',10,'Arts & Crafts',100,'Smiley Face Squeeze Stress Ball (Pack of 4)',115,'Generic',10,1010011510,115),(NULL,'Arts & Crafts',10,'Arts & Crafts',100,'Toy Googly Eye Balls 15mm (Pack of 10)',116,'Generic',10,1010011610,116),(NULL,'Arts & Crafts',10,'Arts & Crafts',100,'A4 Colored Craft Paper Sheet Yellow 25',117,'Generic',10,1010011710,117),(NULL,'Arts & Crafts',10,'Arts & Crafts',100,'Paper Tape 1 inch width',118,'Generic',10,1010011810,118),(NULL,'Arts & Crafts',10,'Arts & Crafts',100,'DIY Modelling Clay 160gm Premium Quality',119,'Generic',10,1010011910,119),(NULL,'Arts & Crafts',10,'Arts & Crafts',100,'Slingshot Rubber Band 1 meter (Pack of 3)',120,'Generic',10,1010012010,120),(NULL,'Arts & Crafts',10,'Arts & Crafts',100,'Plastic Bottle Cap (Pack of 5)',121,'Generic',10,1010012110,121),(NULL,'Arts & Crafts',10,'Arts & Crafts',100,'Cabin Air Filter 6 x 7 inches',122,'Generic',10,1010012210,122),(NULL,'Arts & Crafts',10,'Arts & Crafts',100,'Cardboard Corrugated Sheet A3',123,'Generic',10,1010012310,123),(NULL,'Arts & Crafts',10,'Arts & Crafts',100,'A4 Colored Craft Paper Sheet Mixed 25',124,'Generic',10,1010012410,124),(NULL,'Arts & Crafts',10,'Arts & Crafts',100,'Both Side Multicolor Chart Paper A1 Size Pink',125,'Generic',10,1010012510,125),(NULL,'Arts & Crafts',10,'Arts & Crafts',100,'Wooden Toothpick Box (Pack of 100)',126,'Generic',10,1010012610,126),(NULL,'Arts & Crafts',10,'Arts & Crafts',100,'Cardboard Corrugated Sheet A4',127,'Generic',10,1010012710,127),(NULL,'Arts & Crafts',10,'Arts & Crafts',100,'Wooden Pop Sticks-146mm X 16mm (Pack of 50)',128,'Generic',10,1010012810,128),(NULL,'Arts & Crafts',10,'Arts & Crafts',100,'Pastel Color Sheet A4 (Pack of 20) Mix',129,'Generic',10,1010012910,129),(NULL,'Arts & Crafts',10,'Arts & Crafts',100,'Pastel Color Sheet A4 (Pack of 20) Yellow',130,'Generic',10,1010013010,130),(NULL,'Arts & Crafts',10,'Arts & Crafts',100,'Both Side Multicolor Chart Paper A1 Size Orange',131,'Generic',10,1010013110,131),(NULL,'Arts & Crafts',10,'Arts & Crafts',100,'Both Side Multicolor Chart Paper A1 Size Green',132,'Generic',10,1010013210,132),(NULL,'Arts & Crafts',10,'Arts & Crafts',100,'Both Side Multicolor Chart Paper A1 Size Blue',133,'Generic',10,1010013310,133),(NULL,'Arts & Crafts',10,'Arts & Crafts',100,'Both Side Multicolor Chart Paper A1 Size Black',134,'Generic',10,1010013410,134),(NULL,'Arts & Crafts',10,'Arts & Crafts',100,'Both Side Multicolor Chart Paper A1 Size White',135,'Generic',10,1010013510,135),(NULL,'Arts & Crafts',10,'Arts & Crafts',100,'Both Side Multicolor Chart Paper A1 Size Yellow',136,'Generic',10,1010013610,136),(NULL,'Arts & Crafts',10,'Arts & Crafts',100,'Wooden Skewer Flat 9 inch (Pack of 25)',137,'Generic',10,1010013710,137),(NULL,'Arts & Crafts',10,'Arts & Crafts',100,'Waterproof Duct Tape (2\" approx. width x 50m)',138,'Generic',10,1010013810,138),(NULL,'Arts & Crafts',10,'Arts & Crafts',100,'Copper Foil Tape Roll 10mm X 20m',139,'Generic',10,1010013910,139),(NULL,'Arts & Crafts',10,'Arts & Crafts',100,'A4 Colored Craft Paper Sheet Blue 25',140,'Generic',10,1010014010,140),(NULL,'Arts & Crafts',10,'Arts & Crafts',100,'A4 Colored Craft Paper Sheet Green 25',141,'Generic',10,1010014110,141),(NULL,'Arts & Crafts',10,'Arts & Crafts',100,'A4 Colored Craft Paper Sheet Mixed 50',142,'Generic',10,1010014210,142),(NULL,'Arts & Crafts',10,'Arts & Crafts',100,'A4 Colored Craft Paper Sheet Yellow 50',143,'Generic',10,1010014310,143),(NULL,'Arts & Crafts',10,'Arts & Crafts',100,'A4 Colored Craft Paper Sheet Blue 50',144,'Generic',10,1010014410,144),(NULL,'Arts & Crafts',10,'Arts & Crafts',100,'A4 Colored Craft Paper Sheet Green 50',145,'Generic',10,1010014510,145),(NULL,'Arts & Crafts',10,'Arts & Crafts',100,'A4 Colored Craft Paper Sheet Mixed 100',146,'Generic',10,1010014610,146),(NULL,'Arts & Crafts',10,'Arts & Crafts',100,'A4 Colored Craft Paper Sheet Yellow 100',147,'Generic',10,1010014710,147),(NULL,'Arts & Crafts',10,'Arts & Crafts',100,'A4 Colored Craft Paper Sheet Blue 100',148,'Generic',10,1010014810,148),(NULL,'Arts & Crafts',10,'Arts & Crafts',100,'A4 Colored Craft Paper Sheet Green 100',149,'Generic',10,1010014910,149),(NULL,'Arts & Crafts',10,'Arts & Crafts',100,'Wooden Skewer Round 6 inch 50',150,'Generic',10,1010015010,150),(NULL,'Arts & Crafts',10,'Arts & Crafts',100,'Wooden Skewer Round 10 inch 50',151,'Generic',10,1010015110,151),(NULL,'Arts & Crafts',10,'Arts & Crafts',100,'Wooden Skewer Round 6 inch 100',152,'Generic',10,1010015210,152),(NULL,'Arts & Crafts',10,'Arts & Crafts',100,'Wooden Skewer Round 10 inch 100',153,'Generic',10,1010015310,153),(NULL,'Arts & Crafts',10,'Arts & Crafts',100,'Craft Knife',154,'Generic',10,1010015410,154),(NULL,'Arts & Crafts',10,'Arts & Crafts',100,'Small Colorful Rubber Band 0.5 inch (Pack of 100)',155,'Generic',10,1010015510,155),(NULL,'Arts & Crafts',10,'Arts & Crafts',100,'Cardboard Corrugated Sheet 12 in X 12 in',156,'Generic',10,1010015610,156),(NULL,'STEAM Kits',11,'STEAM Kits',101,'LEGO WeDo 2.0 Core Set',100,'LEGO',11,1110110011,157),(NULL,'STEAM Kits',11,'STEAM Kits',101,'LEGO MINDSTORMS 45560 EDUCATION EV3 Expansion Set',101,'LEGO',11,1110110111,158),(NULL,'STEAM Kits',11,'STEAM Kits',101,'LEGO MINDSTORMS 45544 Education EV3 Core Set',102,'LEGO',11,1110110211,159),(NULL,'STEAM Kits',11,'STEAM Kits',101,'LEGO 9686 Simple and Powered Machine Set',103,'LEGO',11,1110110311,160),(NULL,'STEAM Kits',11,'STEAM Kits',101,'Lego 9656 Early Simple Machines Set',104,'LEGO',11,1110110411,161),(NULL,'STEAM Kits',11,'STEAM Kits',101,'Wonder Workshop Dash Robot',105,'Wonder Workshop',12,1110110512,162),(NULL,'STEAM Kits',11,'STEAM Kits',101,'Makedo Cardboard Construction Toolkit',106,'Makedo',13,1110110613,163),(NULL,'STEAM Kits',11,'STEAM Kits',101,'Littlebits Rule Your Room Kit',107,'Littlebits Electronics',14,1110110714,164),(NULL,'STEAM Kits',11,'STEAM Kits',101,'Snap Circuit SC 100',108,'Snap Circuits',15,1110110815,165),(NULL,'IoT Sensors',12,'IoT Sensors',102,'Gyroscope Sensor MPU6050',100,'Generic',10,1210210010,166),(NULL,'IoT Sensors',12,'IoT Sensors',102,'RFID Reader Tags',101,'Generic',10,1210210110,167),(NULL,'IoT Sensors',12,'IoT Sensors',102,'Soil Moisture Sensor',102,'Tongling',16,1210210216,168),(NULL,'IoT Sensors',12,'IoT Sensors',102,'Motor Water Pump Module 12V',103,'Generic',10,1210210310,169),(NULL,'IoT Sensors',12,'IoT Sensors',102,'IR transmitter-receiver - TSOP 1738',104,'Generic',10,1210210410,170),(NULL,'IoT Sensors',12,'IoT Sensors',102,'Ultrasonic Sensor Module HC-SR-04',105,'Generic',10,1210210510,171),(NULL,'IoT Sensors',12,'IoT Sensors',102,'IR Obstacle Avoider Sensor',106,'Generic',10,1210210610,172),(NULL,'IoT Sensors',12,'IoT Sensors',102,'Sound Detection Sensor Module',107,'Generic',10,1210210710,173),(NULL,'IoT Sensors',12,'IoT Sensors',102,'Humidity Sensor Module DHT-11',108,'ASAIR',17,1210210817,174),(NULL,'IoT Sensors',12,'IoT Sensors',102,'Magnetometer Triple Axis HMC5883L',109,'Generic',10,1210210910,175),(NULL,'IoT Sensors',12,'IoT Sensors',102,'MQ-8 Hydrogen Gas Sensor',110,'Generic',10,1210211010,176),(NULL,'IoT Sensors',12,'IoT Sensors',102,'MQ-6 LPG Propane Gas Sensor',111,'Generic',10,1210211110,177),(NULL,'IoT Sensors',12,'IoT Sensors',102,'MQ 5 LPG & Natural Gas Sensor',112,'Generic',10,1210211210,178),(NULL,'IoT Sensors',12,'IoT Sensors',102,'RF Modules Tx & Rx 315 MHz ASK',113,'Generic',10,1210211310,179),(NULL,'IoT Sensors',12,'IoT Sensors',102,'Sound Sensor Module LM393 Black',114,'Generic',10,1210211410,180),(NULL,'IoT Sensors',12,'IoT Sensors',102,'Color Recognition Sensor TCS230',115,'Generic',10,1210211510,181),(NULL,'IoT Sensors',12,'IoT Sensors',102,'Force Pressure Sensor',116,'Generic',10,1210211610,182),(NULL,'IoT Sensors',12,'IoT Sensors',102,'Temperature Sensor LM35',117,'Generic',10,1210211710,183),(NULL,'IoT Sensors',12,'IoT Sensors',102,'Flex Sensor',118,'Spectra',18,1210211818,184),(NULL,'IoT Sensors',12,'IoT Sensors',102,'Rain Drop Sensor',119,'Generic',10,1210211910,185),(NULL,'IoT Sensors',12,'IoT Sensors',102,'Metal Detector Sensor Module',120,'Generic',10,1210212010,186),(NULL,'IoT Sensors',12,'IoT Sensors',102,'Capacitive Touch Sensor Single Channel',121,'Generic',10,1210212110,187),(NULL,'IoT Sensors',12,'IoT Sensors',102,'Pulse Heart Rate Sensor',122,'Generic',10,1210212210,188),(NULL,'IoT Sensors',12,'IoT Sensors',102,'PIR Motion Detector Module',123,'Generic',10,1210212310,189),(NULL,'IoT Sensors',12,'IoT Sensors',102,'Triple Axis Accelerometer ADXL345',124,'Generic',10,1210212410,190),(NULL,'IoT Sensors',12,'IoT Sensors',102,'MQ - 135 Air Quality and Hazardous Gas Sensor',125,'Generic',10,1210212510,191),(NULL,'IoT Sensors',12,'IoT Sensors',102,'MQ 7 Carbon Monoxide Sensor',126,'Generic',10,1210212610,192),(NULL,'IoT Sensors',12,'IoT Sensors',102,'MQ - 2 Smoke LPG Detector',127,'Generic',10,1210212710,193),(NULL,'IoT Sensors',12,'IoT Sensors',102,'MQ - 3 Alcohol Detector',128,'Generic',10,1210212810,194),(NULL,'IoT Sensors',12,'IoT Sensors',102,'MQ - 4 High Sensitivity Methane Gas Detector',129,'Generic',10,1210212910,195),(NULL,'IoT Sensors',12,'IoT Sensors',102,'Humidity Sensor DHT-11',130,'Generic',10,1210213010,196),(NULL,'IoT Sensors',12,'IoT Sensors',102,'Capacitive Touch Switch 4 Channel',131,'Generic',10,1210213110,197),(NULL,'IoT Sensors',12,'IoT Sensors',102,'Capacitive Touch Module - MPR121',132,'Generic',10,1210213210,198),(NULL,'IoT Sensors',12,'IoT Sensors',102,'LDR Light Sensor Module',133,'Generic',10,1210213310,199),(NULL,'IoT Sensors',12,'IoT Sensors',102,'GPS module Neo6m',134,'Generic',10,1210213410,200),(NULL,'IoT Sensors',12,'IoT Sensors',102,'GSM SIM800L',135,'Generic',10,1210213510,201),(NULL,'IoT Sensors',12,'IoT Sensors',102,'Bluetooth HC 05',136,'Generic',10,1210213610,202),(NULL,'Casing and Chassis',13,'Casing and Chassis',103,'Laser Cut Casing for DIY Arduino Calculator',100,'Generic',10,1310310010,203),(NULL,'Casing and Chassis',13,'Casing and Chassis',103,'Laser Cut Casing for Motion Detection Camera',101,'Generic',10,1310310110,204),(NULL,'Casing and Chassis',13,'Casing and Chassis',103,'3D Printed Casing for Dancing Robot DIY Project',102,'Generic',10,1310310210,205),(NULL,'Casing and Chassis',13,'Casing and Chassis',103,'Laser Cut (MDF) Casing for Scribble Bot DIY Project',103,'Generic',10,1310310310,206),(NULL,'Casing and Chassis',13,'Casing and Chassis',103,'Laser Cut (MDF) Casing for Pen Stand DIY Project',104,'Generic',10,1310310410,207),(NULL,'Casing and Chassis',13,'Casing and Chassis',103,'Laser Cut (MDF & Acrylic) for Emblem Light DIY Project',105,'Generic',10,1310310510,208),(NULL,'Casing and Chassis',13,'Casing and Chassis',103,'Laser Cut (MDF) Parts for Pocket Voltmeter DIY Project',106,'Generic',10,1310310610,209),(NULL,'Casing and Chassis',13,'Casing and Chassis',103,'Laser Cut Cardboard VR Box DIY Project',107,'Generic',10,1310310710,210),(NULL,'Casing and Chassis',13,'Casing and Chassis',103,'Laser Cut Casing for Bunny Automation DIY Project',108,'Generic',10,1310310810,211),(NULL,'Casing and Chassis',13,'Casing and Chassis',103,'Laser Cut (Cardboard) Casing for Walking Robot DIY Project',109,'Generic',10,1310310910,212),(NULL,'Casing and Chassis',13,'Casing and Chassis',103,'3D Printed Base for Origami Lantern DIY Project',110,'Generic',10,1310311010,213),(NULL,'Casing and Chassis',13,'Casing and Chassis',103,'Laser Cut (MDF) Casing for Water Level Indicator DIY Project',111,'Generic',10,1310311110,214),(NULL,'Casing and Chassis',13,'Casing and Chassis',103,'3D Printed Casing for Smart Bin DIY Project',112,'Generic',10,1310311210,215),(NULL,'Casing and Chassis',13,'Casing and Chassis',103,'3D Printed Casing for Third Eye of Blind DIY Project',113,'Generic',10,1310311310,216),(NULL,'Casing and Chassis',13,'Casing and Chassis',103,'Laser Cut Casing for Candy Dispenser DIY Project',114,'Generic',10,1310311410,217),(NULL,'Casing and Chassis',13,'Casing and Chassis',103,'Laser Cut Casing for Air Purifier DIY Project',115,'Generic',10,1310311510,218),(NULL,'Casing and Chassis',13,'Casing and Chassis',103,'Laser Cut Casing for Tilt Lamp DIY Project',116,'Generic',10,1310311610,219),(NULL,'Casing and Chassis',13,'Casing and Chassis',103,'3D Printed Mouthpiece for PVC Saxophone DIY Project',117,'Generic',10,1310311710,220),(NULL,'Casing and Chassis',13,'Casing and Chassis',103,'3D Printed Case for Arduino Parking Assistant DIY Project',118,'Generic',10,1310311810,221),(NULL,'Casing and Chassis',13,'Casing and Chassis',103,'Laser Cut Chassis for Self Balancing Robot DIY Project',119,'Generic',10,1310311910,222),(NULL,'Casing and Chassis',13,'Casing and Chassis',103,'Laser Cut MDF Casing for Newton\'s Cradle DIY Project',120,'Generic',10,1310312010,223),(NULL,'Casing and Chassis',13,'Casing and Chassis',103,'Laser Cut Chassis for Line Following Robot DIY Project',121,'Generic',10,1310312110,224),(NULL,'Casing and Chassis',13,'Casing and Chassis',103,'Laser Cut Parts for Popsicle Shutter Lamp DIY Project',122,'Generic',10,1310312210,225),(NULL,'Casing and Chassis',13,'Casing and Chassis',103,'Laser Cut (MDF) and 3D Printed Parts for Useless Box DIY Project',123,'Generic',10,1310312310,226),(NULL,'Casing and Chassis',13,'Casing and Chassis',103,'2 Wheel 1 Caster Metal Chassis',124,'Generic',10,1310312410,227),(NULL,'Casing and Chassis',13,'Casing and Chassis',103,'4 Wheel 1 Caster Metal Chassis',125,'Generic',10,1310312510,228),(NULL,'Aeromodelling',14,'Aeromodelling',104,'Nose-Hook Propeller 6\" Dia (Pack of 2)',100,'Generic',10,1410410010,229),(NULL,'Aeromodelling',14,'Aeromodelling',104,'Deans T Plug Nylon T Connector Plug Male Female Connector',101,'Generic',10,1410410110,230),(NULL,'Aeromodelling',14,'Aeromodelling',104,'Lipo Voltage Checker 1S-8S with Buzzer Alarm',102,'Generic',10,1410410210,231),(NULL,'Aeromodelling',14,'Aeromodelling',104,'Quadcopter Frame F450',103,'Generic',10,1410410310,232),(NULL,'Aeromodelling',14,'Aeromodelling',104,'FlySky CT6B 2.4Ghz 6 Channel Transmitter and Receiver',104,'FlySky',19,1410410419,233),(NULL,'Aeromodelling',14,'Aeromodelling',104,'Propeller 1245/1245R 12 * 4.5 Quad-Rotor Multi Rotor',105,'Generic',10,1410410510,234),(NULL,'Aeromodelling',14,'Aeromodelling',104,'RC Flight Controller 2.1.5 with 6050MPU & Atmel644PA',106,'Generic',10,1410410610,235),(NULL,'Aeromodelling',14,'Aeromodelling',104,'iMAX B6AC 80W 6A Dual Balance Charger Discharger',107,'iMax',20,1410410720,236),(NULL,'Aeromodelling',14,'Aeromodelling',104,'Generic Balsa Wood Sheet-3mm 10cmx500mm',108,'Generic',10,1410410810,237),(NULL,'Aeromodelling',14,'Aeromodelling',104,'Generic Balsa Wood Sheet-4mm 10cmx500mm',109,'Generic',10,1410410910,238),(NULL,'Aeromodelling',14,'Aeromodelling',104,'Generic Balsa Wood Sheet-5mm 10cmx500mm',110,'Generic',10,1410411010,239),(NULL,'Aeromodelling',14,'Aeromodelling',104,'Brushless DC Motor 1100KV',111,'Generic',10,1410411110,240),(NULL,'Aeromodelling',14,'Aeromodelling',104,'Brushless Motor Speed Controller ESC 30A',112,'Generic',10,1410411210,241),(NULL,'Miscellaneous ',15,'Miscellaneous ',105,'Cabinet Cooling Fan 1800 RPM',100,'Generic',10,1510510010,242),(NULL,'Miscellaneous ',15,'Miscellaneous ',105,'Head Strap for Google Cardboard VR Virtual Reality Box',101,'Generic',10,1510510110,243),(NULL,'Miscellaneous ',15,'Miscellaneous ',105,'Polypropylene (PP) Sheet, Opaque Blue 1x1 ft',102,'Generic',10,1510510210,244),(NULL,'Miscellaneous ',15,'Miscellaneous ',105,'Transparent Acrylic Sheets 2 ft x 2 ft  3mm',103,'Generic',10,1510510310,245),(NULL,'Miscellaneous ',15,'Miscellaneous ',105,'Iron Marble Ball 19mm (Pack of 3)',104,'Generic',10,1510510410,246),(NULL,'Miscellaneous ',15,'Miscellaneous ',105,'Solar Panel 12V 1 Watt',105,'Generic',10,1510510510,247),(NULL,'Miscellaneous ',15,'Miscellaneous ',105,'Solar Panel 5V, 0.5W, 100mA, 70mm x 70mm',106,'Generic',10,1510510610,248),(NULL,'Miscellaneous ',15,'Miscellaneous ',105,'Transparent Acrylic Sheets 1 ft x 1 ft  1mm',107,'Generic',10,1510510710,249),(NULL,'Miscellaneous ',15,'Miscellaneous ',105,'Transparent Acrylic Sheets 1 ft x 1 ft  2mm',108,'Generic',10,1510510810,250),(NULL,'Miscellaneous ',15,'Miscellaneous ',105,'Transparent Acrylic Sheets 1 ft x 1 ft  3mm',109,'Generic',10,1510510910,251),(NULL,'Miscellaneous ',15,'Miscellaneous ',105,'Transparent Acrylic Sheets 2 ft x 2 ft  1mm',110,'Generic',10,1510511010,252),(NULL,'Miscellaneous ',15,'Miscellaneous ',105,'Transparent Acrylic Sheets 2 ft x 2 ft  2mm',111,'Generic',10,1510511110,253),(NULL,'Miscellaneous ',15,'Miscellaneous ',105,'Transparent Acrylic Sheets 1 ft x 1 ft  5mm',112,'Generic',10,1510511210,254),(NULL,'Miscellaneous ',15,'Miscellaneous ',105,'Transparent Acrylic Sheets 2 ft x 2 ft  5mm',113,'Generic',10,1510511310,255),(NULL,'Hardware',16,'Hardware Accessories',106,'Self Tapping Screw (Pack of 20) 6mm',100,'Generic',10,1610610010,256),(NULL,'Hardware',16,'Hardware Accessories',106,'Glue Sticks - 8 inch (Pack of 2)',101,'Generic',10,1610610110,257),(NULL,'Hardware',16,'Hardware Accessories',106,'Copper Wire 18 Gauge 5 mtr',102,'Generic',10,1610610210,258),(NULL,'Hardware',16,'Hardware Accessories',106,'Nuts & Bolts Set (Pack of 10) M3 12mm',103,'Generic',10,1610610310,259),(NULL,'Hardware',16,'Hardware Accessories',106,'Heat Shrink Tube (in meters) 5mm',104,'Generic',10,1610610410,260),(NULL,'Hardware',16,'Hardware Accessories',106,'Electrical Insulation Tape',105,'Generic',10,1610610510,261),(NULL,'Hardware',16,'Hand Tools',107,'Soldering Helping Hand Clip with Magnifying Glass',100,'Generic',10,1610710010,262),(NULL,'Hardware',16,'Hardware Accessories',106,'Nuts & Bolts Set (Pack of 10) M3 25mm',106,'Generic',10,1610610610,263),(NULL,'Hardware',16,'Hardware Accessories',106,'Heat Shrink Tube (in meters) 4mm',107,'Generic',10,1610610710,264),(NULL,'Hardware',16,'Hardware Accessories',106,'Lead Free Soldering Wire 10 gm',108,'Generic',10,1610610810,265),(NULL,'Hardware',16,'Hardware Accessories',106,'Copper Wire 18 Gauge 10 mtr',109,'Generic',10,1610610910,266),(NULL,'Hardware',16,'Hardware Accessories',106,'Self Tapping Screw (Pack of 20) 12mm',110,'Generic',10,1610611010,267),(NULL,'Hardware',16,'Hardware Accessories',106,'Nuts & Bolts Set (Pack of 10) M3 10mm',111,'Generic',10,1610611110,268),(NULL,'Hardware',16,'Hardware Accessories',106,'Welfix Soldering Paste (Flux) 50 gm',112,'Generic',10,1610611210,269),(NULL,'Hardware',16,'Hardware Accessories',106,'Bicycle Spokes (Pack of 5)',113,'Generic',10,1610611310,270),(NULL,'Hardware',16,'Hand Tools',107,'Taparia 803 Steel Two in One Screw Driver',101,'Generic',10,1610710110,271),(NULL,'Hardware',16,'Power Machines',108,'Soldering Iron - 25W',100,'Generic',10,1610810010,272),(NULL,'Hardware',16,'Hand Tools',107,'Taparia Wire Stripper WS06',102,'Generic',10,1610710210,273),(NULL,'Hardware',16,'Hand Tools',107,'Plastic Mallet Hammer 30mm',103,'Generic',10,1610710310,274),(NULL,'Hardware',16,'Hand Tools',107,'PVC Pipe Cutter 14-442 42 mm',104,'Generic',10,1610710410,275),(NULL,'Hardware',16,'Hardware Accessories',106,'Nuts & Bolts Set (Pack of 10) M2 8mm',114,'Generic',10,1610611410,276),(NULL,'Hardware',16,'Hardware Accessories',106,'Nuts & Bolts Set (Pack of 10) M2 12mm',115,'Generic',10,1610611510,277),(NULL,'Hardware',16,'Hardware Accessories',106,'Nuts & Bolts Set (Pack of 10) M2 25mm',116,'Generic',10,1610611610,278),(NULL,'Hardware',16,'Hardware Accessories',106,'Nuts & Bolts Set (Pack of 10) M3 8mm',117,'Generic',10,1610611710,279),(NULL,'Hardware',16,'Hardware Accessories',106,'Nuts & Bolts Set (Pack of 10) M4 8mm',118,'Generic',10,1610611810,280),(NULL,'Hardware',16,'Hardware Accessories',106,'Nuts & Bolts Set (Pack of 10) M4 12mm',119,'Generic',10,1610611910,281),(NULL,'Hardware',16,'Hardware Accessories',106,'Nuts & Bolts Set (Pack of 10) M4 25mm',120,'Generic',10,1610612010,282),(NULL,'Hardware',16,'Hand Tools',107,'Hammer Ball Pein 200gm',105,'Generic',10,1610710510,283),(NULL,'Hardware',16,'Hand Tools',107,'Taparia Plier Bent Nose',106,'Generic',10,1610710610,284),(NULL,'Hardware',16,'Hand Tools',107,'Taparia Internal Circlip Plier 195mm',107,'Generic',10,1610710710,285),(NULL,'Hardware',16,'Hand Tools',107,'Taparia External Circlip Plier 195mm',108,'Generic',10,1610710810,286),(NULL,'Hardware',16,'Hand Tools',107,'Stanley Hacksaw Frame Junior 6 inch',109,'Generic',10,1610710910,287),(NULL,'Hardware',16,'Hand Tools',107,'Stanley Steel Hack Saw 12 inch',110,'Generic',10,1610711010,288),(NULL,'Hardware',16,'Hardware Accessories',106,'Welfix Soldering Paste (Flux) 15 gm',121,'Generic',10,1610612110,289),(NULL,'Hardware',16,'Hand Tools',107,'Stanley Claw Hammer Steel Shaft',111,'Generic',10,1610711110,290),(NULL,'Hardware',16,'Measuring Tools',109,'FREEMANS Measuring Tape 5 meter',100,'Generic',10,1610910010,291),(NULL,'Hardware',16,'Hardware Accessories',106,'Lead Free Soldering Wire 50 gm',122,'Generic',10,1610612210,292),(NULL,'Hardware',16,'Hardware Accessories',106,'Lead Free Soldering Wire 100 gm',123,'Generic',10,1610612310,293),(NULL,'Hardware',16,'Hardware Accessories',106,'Lead Free Soldering Wire 250 gm',124,'Generic',10,1610612410,294),(NULL,'Hardware',16,'Power Machines',108,'Hot Melt Glue Gun 40 Watt',101,'Generic',10,1610810110,295),(NULL,'Hardware',16,'Power Machines',108,'Black and Decker 9.6 Volt Cordless Keyless Chuck Drill Driver Kit',102,'Generic',10,1610810210,296),(NULL,'Hardware',16,'Hand Tools',107,'Wire Stripper Automatic MT-02DX',112,'Generic',10,1610711210,297),(NULL,'Hardware',16,'Hardware Accessories',106,'Heat Shrink Tube (in meters) 3mm',125,'Generic',10,1610612510,298),(NULL,'Hardware',16,'Hardware Accessories',106,'Clamping Mitre Box with Saw 14\'\' 9 TPI',126,'Generic',10,1610612610,299),(NULL,'Prototyping',17,'3D Printing',110,'3Doodler Start Refill Plastic Bundle',100,'Generic',10,1711010010,300),(NULL,'Prototyping',17,'3D Printing',110,'3Doodler Start Essentials Pen Set',101,'Generic',10,1711010110,301),(NULL,'Prototyping',17,'PVC Modelling',111,'PVC Endcaps 0.5 inch',100,'Generic',10,1711110010,302),(NULL,'Prototyping',17,'PVC Modelling',111,'PVC Endcaps 0.75 inch',101,'Generic',10,1711110110,303),(NULL,'Prototyping',17,'PVC Modelling',111,'PVC Endcaps 1 inch',102,'Generic',10,1711110210,304),(NULL,'Prototyping',17,'PVC Modelling',111,'PVC Cement Solvent 50ml Pack',103,'Generic',10,1711110310,305),(NULL,'Prototyping',17,'Wood Working',112,'MDF Board Sheet 2.5mm',100,'Generic',10,1711210010,306),(NULL,'Prototyping',17,'Wood Working',112,'MDF Board Sheet 5mm',101,'Generic',10,1711210110,307),(NULL,'Prototyping',17,'3D Printing',110,'PLA 3D Printing Filament 1.75mm White 250 gm',102,'Generic',10,1711010210,308),(NULL,'Prototyping',17,'3D Printing',110,'PLA 3D Printing Filament 1.75mm White 500 gm',103,'Generic',10,1711010310,309),(NULL,'Prototyping',17,'3D Printing',110,'PLA 3D Printing Filament 1.75mm White 1000 gm',104,'Generic',10,1711010410,310),(NULL,'Prototyping',17,'3D Printing',110,'PLA 3D Printing Filament 1.75mm Yellow 250 gm',105,'Generic',10,1711010510,311),(NULL,'Prototyping',17,'3D Printing',110,'PLA 3D Printing Filament 1.75mm Yellow 500 gm',106,'Generic',10,1711010610,312),(NULL,'Prototyping',17,'3D Printing',110,'PLA 3D Printing Filament 1.75mm Yellow 1000 gm',107,'Generic',10,1711010710,313),(NULL,'Prototyping',17,'3D Printing',110,'PLA 3D Printing Filament 1.75mm Light Blue 250 gm',108,'Generic',10,1711010810,314),(NULL,'Prototyping',17,'3D Printing',110,'PLA 3D Printing Filament 1.75mm Light Blue 500 gm',109,'Generic',10,1711010910,315),(NULL,'Prototyping',17,'3D Printing',110,'PLA 3D Printing Filament 1.75mm Light Blue 1000 gm',110,'Generic',10,1711011010,316),(NULL,'Prototyping',17,'3D Printing',110,'PLA 3D Printing Filament 1.75mm Orange 250 gm',111,'Generic',10,1711011110,317),(NULL,'Prototyping',17,'3D Printing',110,'PLA 3D Printing Filament 1.75mm Orange 500 gm',112,'Generic',10,1711011210,318),(NULL,'Prototyping',17,'3D Printing',110,'PLA 3D Printing Filament 1.75mm Orange 1000 gm',113,'Generic',10,1711011310,319),(NULL,'Prototyping',17,'3D Printing',110,'PLA 3D Printing Filament 1.75mm Red 250 gm',114,'Generic',10,1711011410,320),(NULL,'Prototyping',17,'3D Printing',110,'PLA 3D Printing Filament 1.75mm Red 500 gm',115,'Generic',10,1711011510,321),(NULL,'Prototyping',17,'3D Printing',110,'PLA 3D Printing Filament 1.75mm Red 1000 gm',116,'Generic',10,1711011610,322),(NULL,'Prototyping',17,'3D Printing',110,'PLA 3D Printing Filament 1.75mm Green 250 gm',117,'Generic',10,1711011710,323),(NULL,'Prototyping',17,'3D Printing',110,'PLA 3D Printing Filament 1.75mm Green 500 gm',118,'Generic',10,1711011810,324),(NULL,'Prototyping',17,'3D Printing',110,'PLA 3D Printing Filament 1.75mm Green 1000 gm',119,'Generic',10,1711011910,325),(NULL,'Prototyping',17,'3D Printing',110,'PLA 3D Printing Filament 1.75mm Blue 250 gm',120,'Generic',10,1711012010,326),(NULL,'Prototyping',17,'3D Printing',110,'PLA 3D Printing Filament 1.75mm Blue 500 gm',121,'Generic',10,1711012110,327),(NULL,'Prototyping',17,'3D Printing',110,'PLA 3D Printing Filament 1.75mm Blue 1000 gm',122,'Generic',10,1711012210,328),(NULL,'Prototyping',17,'3D Printing',110,'PLA 3D Printing Filament 1.75mm Black 250 gm',123,'Generic',10,1711012310,329),(NULL,'Prototyping',17,'3D Printing',110,'PLA 3D Printing Filament 1.75mm Black 500 gm',124,'Generic',10,1711012410,330),(NULL,'Prototyping',17,'3D Printing',110,'PLA 3D Printing Filament 1.75mm Black 1000 gm',125,'Generic',10,1711012510,331),(NULL,'Prototyping',17,'3D Printing',110,'PLA 3D Printing Filament 1.75mm Magenta 500 gm',126,'Generic',10,1711012610,332),(NULL,'Prototyping',17,'3D Printing',110,'PLA 3D Printing Filament 1.75mm Purple 250 gm',127,'Generic',10,1711012710,333),(NULL,'Prototyping',17,'PVC Modelling',111,'PVC T Joint 3 Way 0.5 inch',104,'Generic',10,1711110410,334),(NULL,'Prototyping',17,'PVC Modelling',111,'PVC T Joint 3 Way 0.75 inch',105,'Generic',10,1711110510,335),(NULL,'Prototyping',17,'PVC Modelling',111,'PVC T Joint 3 Way 1 inch',106,'Generic',10,1711110610,336),(NULL,'Prototyping',17,'PVC Modelling',111,'PVC Pipe 1 ft Long 0.5 inch',107,'Generic',10,1711110710,337),(NULL,'Prototyping',17,'PVC Modelling',111,'PVC Pipe 1 ft Long 0.75 inch',108,'Generic',10,1711110810,338),(NULL,'Prototyping',17,'PVC Modelling',111,'PVC Pipe 1 ft Long 1 inch',109,'Generic',10,1711110910,339),(NULL,'Electronics',18,'Resistors and Capacitors',113,'Carbon Film Resistor 10k ohm 250 mW (Pack of 20)',100,'Generic',10,1811310010,340),(NULL,'Electronics',18,'Resistors and Capacitors',113,'Carbon Film Resistor 330 ohm 250mW (Pack of 20)',101,'Generic',10,1811310110,341),(NULL,'Electronics',18,'Resistors and Capacitors',113,'Ceramic Capacitor 103M 0.01uF 2KV (Pack of 20)',102,'Generic',10,1811310210,342),(NULL,'Electronics',18,'Resistors and Capacitors',113,'LDR Photo Resistor (Pack of 3)',103,'Generic',10,1811310310,343),(NULL,'Electronics',18,'Resistors and Capacitors',113,'Capacitor 10V 4700uF',104,'Generic',10,1811310410,344),(NULL,'Electronics',18,'Resistors and Capacitors',113,'Carbon Film Resistor 680 ohm (Pack of 20)',105,'Generic',10,1811310510,345),(NULL,'Electronics',18,'Resistors and Capacitors',113,'2.7V 350F Ultracapacitor',106,'Generic',10,1811310610,346),(NULL,'Electronics',18,'Resistors and Capacitors',113,'Carbon Film Resistor 22K Ohm 1/4 Watt Resistance (Pack of 20)',107,'Generic',10,1811310710,347),(NULL,'Electronics',18,'Resistors and Capacitors',113,'Carbon Film Resistor 2.2K Ohm 1/4 Watt Resistance (Pack of 20)',108,'Generic',10,1811310810,348),(NULL,'Electronics',18,'Resistors and Capacitors',113,'Carbon Film Resistor 220 Ohms 5% 0.25 W (Pack of 20)',109,'Generic',10,1811310910,349),(NULL,'Electronics',18,'Resistors and Capacitors',113,'Rotary Potentiometer 10K ohm 103 (Pack of 3)',110,'Generic',10,1811311010,350),(NULL,'Electronics',18,'Resistors and Capacitors',113,'Mixed Carbon Film Resistors Box ( 30 Values )',111,'Generic',10,1811311110,351),(NULL,'Electronics',18,'Resistors and Capacitors',113,'Electrolytic Capacitors Mixed Box (20 Values)',112,'Generic',10,1811311210,352),(NULL,'Electronics',18,'Cables Connectors and Wires',114,'In-Ear Earphone with Mic',100,'Generic',10,1811410010,353),(NULL,'Electronics',18,'Cables Connectors and Wires',114,'Multi-coloured Ribbon Cable Wire 4 core',101,'Generic',10,1811410110,354),(NULL,'Electronics',18,'Cables Connectors and Wires',114,'Multi-coloured Ribbon Cable Wire 5 core',102,'Generic',10,1811410210,355),(NULL,'Electronics',18,'Cables Connectors and Wires',114,'Thick Wire 12 AWG for Quadcopter 1 meter Red',103,'Generic',10,1811410310,356),(NULL,'Electronics',18,'Cables Connectors and Wires',114,'Thick Wire 12 AWG for Quadcopter 1 meter Black',104,'Generic',10,1811410410,357),(NULL,'Electronics',18,'Cables Connectors and Wires',114,'Male Female Wire Bullet Connector 3.5mm',105,'Generic',10,1811410510,358),(NULL,'Electronics',18,'Cables Connectors and Wires',114,'Male DC Barrel Power Jack 5.5mm x 2.1mm (Pack of 4)',106,'Generic',10,1811410610,359),(NULL,'Electronics',18,'Cables Connectors and Wires',114,'USB Cable Male to Male',107,'Generic',10,1811410710,360),(NULL,'Electronics',18,'Cables Connectors and Wires',114,'Mini USB Data Cable',108,'Generic',10,1811410810,361),(NULL,'Electronics',18,'Cables Connectors and Wires',114,'Micro USB Data Cable',109,'Generic',10,1811410910,362),(NULL,'Electronics',18,'Cables Connectors and Wires',114,'AUX Splitter Cable',110,'Generic',10,1811411010,363),(NULL,'Electronics',18,'Cables Connectors and Wires',114,'3.5 mm Aux Cable M to M',111,'Generic',10,1811411110,364),(NULL,'Electronics',18,'Cables Connectors and Wires',114,'3 pin JST Plug Connector',112,'Generic',10,1811411210,365),(NULL,'Electronics',18,'Cables Connectors and Wires',114,'Enamaled Coated Magnet wire 0.1mm',113,'Generic',10,1811411310,366),(NULL,'Electronics',18,'Cables Connectors and Wires',114,'9v Battery Snap Connector + DC Jack (Pack of 2)',114,'Generic',10,1811411410,367),(NULL,'Electronics',18,'Cables Connectors and Wires',114,'Micro JST Connector (Male and Female Pair)',115,'Generic',10,1811411510,368),(NULL,'Electronics',18,'Cables Connectors and Wires',114,'Two Bit  Male Connector',116,'Generic',10,1811411610,369),(NULL,'Electronics',18,'Cables Connectors and Wires',114,'DC Barrel Power Jack/Connector',117,'Generic',10,1811411710,370),(NULL,'Electronics',18,'Cables Connectors and Wires',114,'Female DC Barrel Power Jack',118,'Generic',10,1811411810,371),(NULL,'Electronics',18,'Cables Connectors and Wires',114,'Single Core Hook Up Wire Roll 25G black 10mtr',119,'Generic',10,1811411910,372),(NULL,'Electronics',18,'Cables Connectors and Wires',114,'Single Core Hook Up Wire Roll 25G Red 92 mtr',120,'Generic',10,1811412010,373),(NULL,'Electronics',18,'Cables Connectors and Wires',114,'Single Core Hook Up Wire Roll 25G black 92 mtr',121,'Generic',10,1811412110,374),(NULL,'Electronics',18,'Cables Connectors and Wires',114,'RJ 45 Wire',122,'Generic',10,1811412210,375),(NULL,'Electronics',18,'Cables Connectors and Wires',114,'Dual Core Twisted Copper Electric Wire 1 meter',123,'Generic',10,1811412310,376),(NULL,'Electronics',18,'Cables Connectors and Wires',114,'Two Bit Connector Female',124,'Generic',10,1811412410,377),(NULL,'Electronics',18,'Cables Connectors and Wires',114,'Jumper Cable Female-Female (Pack of 10)',125,'Generic',10,1811412510,378),(NULL,'Electronics',18,'Cables Connectors and Wires',114,'Jumper Cable Male-Female (Pack of 10)',126,'Generic',10,1811412610,379),(NULL,'Electronics',18,'Cables Connectors and Wires',114,'Jumper Cable Male-Male (Pack of 10)',127,'Generic',10,1811412710,380),(NULL,'Electronics',18,'Cables Connectors and Wires',114,'Multi Color Alligator Connectors 12in Pair (Pack of 3)',128,'Generic',10,1811412810,381),(NULL,'Electronics',18,'Cables Connectors and Wires',114,'USB Cable Arduino (A to B)',129,'Generic',10,1811412910,382),(NULL,'Electronics',18,'Cables Connectors and Wires',114,'Tin Wire - GI Wire 20 Gauge',130,'Generic',10,1811413010,383),(NULL,'Electronics',18,'Batteries and Accessories',115,'CR2032 Battery Holder',100,'Generic',10,1811510010,384),(NULL,'Electronics',18,'Batteries and Accessories',115,'9V Battery Connector (Pack of 5)',101,'Generic',10,1811510110,385),(NULL,'Electronics',18,'Batteries and Accessories',115,'AAx4 Cell Holder Plastic Battery Case with Wire',102,'Generic',10,1811510210,386),(NULL,'Electronics',18,'Batteries and Accessories',115,'AAx3 Cell Holder Plastic Battery Case with Wire',103,'Generic',10,1811510310,387),(NULL,'Electronics',18,'Batteries and Accessories',115,'AAx2 Cell Holder Plastic Battery Case - Snap Type',104,'Generic',10,1811510410,388),(NULL,'Electronics',18,'Batteries and Accessories',115,'AAx1 Cell Holder Plastic Battery Case with Wire',105,'Generic',10,1811510510,389),(NULL,'Electronics',18,'Batteries and Accessories',115,'3.7 Volt 180mAh Lipo Battery',106,'Generic',10,1811510610,390),(NULL,'Electronics',18,'Batteries and Accessories',115,'Li-poly RC Battery 11.1 Volt 2200 mAh',107,'Generic',10,1811510710,391),(NULL,'Electronics',18,'Batteries and Accessories',115,'Rechargeable Lithium-ion Battery 12V (Cell Type)',108,'Generic',10,1811510810,392),(NULL,'Electronics',18,'Batteries and Accessories',115,'Neodymium Square Magnet 10mmx10mmx2cm',109,'Generic',10,1811510910,393),(NULL,'Electronics',18,'Batteries and Accessories',115,'12 Volt 1.3 Amp Sealed Lead Acid Battery',110,'Generic',10,1811511010,394),(NULL,'Electronics',18,'Batteries and Accessories',115,'Rechargeable Battery 9 Volt',111,'Generic',10,1811511110,395),(NULL,'Electronics',18,'Batteries and Accessories',115,'Pencil Battery 1.5 V',112,'Generic',10,1811511210,396),(NULL,'Electronics',18,'Batteries and Accessories',115,'Button Cell CR-2032 (Pack of 2)',113,'Generic',10,1811511310,397),(NULL,'Electronics',18,'Batteries and Accessories',115,'12 Volt 7 amps Lead Acid Battery',114,'Generic',10,1811511410,398),(NULL,'Electronics',18,'Batteries and Accessories',115,'3.7 Volt 2500mAh Lipo Battery',115,'Generic',10,1811511510,399),(NULL,'Electronics',18,'Batteries and Accessories',115,'Magnet Neodymium Rectangular',116,'Generic',10,1811511610,400),(NULL,'Electronics',18,'Batteries and Accessories',115,'Magnet Neodymium Circular 8mm x 1.5mm (Pack of 10)',117,'Generic',10,1811511710,401),(NULL,'Electronics',18,'Batteries and Accessories',115,'Quantum QHM 10000mAh Power Bank',118,'Generic',10,1811511810,402),(NULL,'Electronics',18,'Batteries and Accessories',115,'HW Hi Watt 9 Volt Battery',119,'Generic',10,1811511910,403),(NULL,'Electronics',18,'Batteries and Accessories',115,'3.7 Volt Battery 1000mAh',120,'Generic',10,1811512010,404),(NULL,'Electronics',18,'Batteries and Accessories',115,'GP AA Battery Cell 1.5V',121,'Generic',10,1811512110,405),(NULL,'Electronics',18,'Batteries and Accessories',115,'12 Volt Sealed Lead Acid Battery Charger',122,'Generic',10,1811512210,406),(NULL,'Electronics',18,'Batteries and Accessories',115,'4 x AA/AAA & 2 x 9V Battery Charger',123,'Generic',10,1811512310,407),(NULL,'Electronics',18,'Diodes, LEDs and Bulbs',116,'15-watt-tungsten-bulb',100,'Generic',10,1811610010,408),(NULL,'Electronics',18,'Diodes, LEDs and Bulbs',116,'Green LED Strip 12V 5m 60LED\'s/mtr',101,'Generic',10,1811610110,409),(NULL,'Electronics',18,'Diodes, LEDs and Bulbs',116,'5m 12V RGB LED Strip 60LED\'s/mtr',102,'Generic',10,1811610210,410),(NULL,'Electronics',18,'Diodes, LEDs and Bulbs',116,'Multicolour LED Strip 5V 1m with USB Red',103,'Generic',10,1811610310,411),(NULL,'Electronics',18,'Diodes, LEDs and Bulbs',116,'Multicolour LED Strip 5V 1m with USB Green',104,'Generic',10,1811610410,412),(NULL,'Electronics',18,'Diodes, LEDs and Bulbs',116,'Multicolour LED Strip 5V 1m with USB Blue',105,'Generic',10,1811610510,413),(NULL,'Electronics',18,'Diodes, LEDs and Bulbs',116,'Multicolour LED Strip 5V 1m with USB White',106,'Generic',10,1811610610,414),(NULL,'Electronics',18,'Diodes, LEDs and Bulbs',116,'Multicolour LED Strip 5V 1m with USB Pink',107,'Generic',10,1811610710,415),(NULL,'Electronics',18,'Diodes, LEDs and Bulbs',116,'LED 5mm Diffused Type (Pack of 20) Red',108,'Generic',10,1811610810,416),(NULL,'Electronics',18,'Diodes, LEDs and Bulbs',116,'LED 5mm Diffused Type (Pack of 20) Green',109,'Generic',10,1811610910,417),(NULL,'Electronics',18,'Diodes, LEDs and Bulbs',116,'LED 5mm Diffused Type (Pack of 20) Blue',110,'Generic',10,1811611010,418),(NULL,'Electronics',18,'Diodes, LEDs and Bulbs',116,'LED 5mm Diffused Type (Pack of 20) Yellow',111,'Generic',10,1811611110,419),(NULL,'Electronics',18,'Diodes, LEDs and Bulbs',116,'LED 5mm Diffused Type (Pack of 20) White',112,'Generic',10,1811611210,420),(NULL,'Electronics',18,'Diodes, LEDs and Bulbs',116,'LED 10mm Clear Type (Pack of 10) White',113,'Generic',10,1811611310,421),(NULL,'Electronics',18,'Diodes, LEDs and Bulbs',116,'LED 10mm Clear Type (Pack of 10) Red',114,'Generic',10,1811611410,422),(NULL,'Electronics',18,'Diodes, LEDs and Bulbs',116,'LED 10mm Clear Type (Pack of 10) Blue',115,'Generic',10,1811611510,423),(NULL,'Electronics',18,'Diodes, LEDs and Bulbs',116,'LED 3mm Diffused Type (Pack of 20) Red',116,'Generic',10,1811611610,424),(NULL,'Electronics',18,'Diodes, LEDs and Bulbs',116,'LED 3mm Diffused Type (Pack of 20) Green',117,'Generic',10,1811611710,425),(NULL,'Electronics',18,'Diodes, LEDs and Bulbs',116,'LED 3mm Diffused Type (Pack of 20) Blue',118,'Generic',10,1811611810,426),(NULL,'Electronics',18,'Diodes, LEDs and Bulbs',116,'LED 3mm Diffused Type (Pack of 20) Yellow',119,'Generic',10,1811611910,427),(NULL,'Electronics',18,'Diodes, LEDs and Bulbs',116,'LED 3mm Diffused Type (Pack of 20) White',120,'Generic',10,1811612010,428),(NULL,'Electronics',18,'Diodes, LEDs and Bulbs',116,'LED 3mm Diffused Type (Pack of 20) Orange',121,'Generic',10,1811612110,429),(NULL,'Electronics',18,'Diodes, LEDs and Bulbs',116,'Diode 1N4004 (Pack of 10)',122,'Generic',10,1811612210,430),(NULL,'Electronics',18,'Diodes, LEDs and Bulbs',116,'Zener Diode 1N4148 (Pack of 10)',123,'Generic',10,1811612310,431),(NULL,'Electronics',18,'Diodes, LEDs and Bulbs',116,'High Power White LED 12V',124,'Generic',10,1811612410,432),(NULL,'Electronics',18,'Diodes, LEDs and Bulbs',116,'RGB LED Ring ( 24 LEDs )',125,'Generic',10,1811612510,433),(NULL,'Electronics',18,'Diodes, LEDs and Bulbs',116,'1N4007 General Purpose Rectifier Diode (Pack of 10)',126,'Generic',10,1811612610,434),(NULL,'Electronics',18,'Diodes, LEDs and Bulbs',116,'Designer LED Filament Light Bulb - 4W',127,'Generic',10,1811612710,435),(NULL,'Electronics',18,'Diodes, LEDs and Bulbs',116,'Bulb 10 Watt (Cold Light)',128,'Generic',10,1811612810,436),(NULL,'Electronics',18,'Diodes, LEDs and Bulbs',116,'Bulb Zero Watt',129,'Generic',10,1811612910,437),(NULL,'Electronics',18,'Diodes, LEDs and Bulbs',116,'Bright RGB LEDs (Pack of 5) 3mm',130,'Generic',10,1811613010,438),(NULL,'Electronics',18,'Diodes, LEDs and Bulbs',116,'Bright RGB LEDs (Pack of 5) 5mm',131,'Generic',10,1811613110,439),(NULL,'Electronics',18,'Diodes, LEDs and Bulbs',116,'Bright RGB LEDs (Pack of 5) 10mm',132,'Generic',10,1811613210,440),(NULL,'Electronics',18,'Diodes, LEDs and Bulbs',116,'Mini Dot Laser Diode',133,'Generic',10,1811613310,441),(NULL,'Electronics',18,'Diodes, LEDs and Bulbs',116,'LED Display Module 8*8 Matrix',134,'Generic',10,1811613410,442),(NULL,'Electronics',18,'Diodes, LEDs and Bulbs',116,'12V White LED Strip',135,'Generic',10,1811613510,443),(NULL,'Electronics',18,'Micro Controllers',117,'Attiny85 USB Development Board',100,'Generic',10,1811710010,444),(NULL,'Electronics',18,'Micro Controllers',117,'Raspberry Pi 3 Model B 1 GB RAM',101,'Element 14',21,1811710121,445),(NULL,'Electronics',18,'Micro Controllers',117,'WeMos D1 R2 WiFi ESP8266 Development Board',102,'Generic',10,1811710210,446),(NULL,'Electronics',18,'Micro Controllers',117,'Arduino Mega 2560',103,'Generic',10,1811710310,447),(NULL,'Electronics',18,'Micro Controllers',117,'Arduino Pro Mini Powered By Atmega328',104,'Generic',10,1811710410,448),(NULL,'Electronics',18,'Micro Controllers',117,'Node MCU ( WiFi & Internet  Module )',105,'Generic',10,1811710510,449),(NULL,'Electronics',18,'Micro Controllers',117,'RASPBERRY PI 3 Model B+ 1.2 Ghz 64-bit',106,'Element 14',21,1811710621,450),(NULL,'Electronics',18,'Micro Controllers',117,'Arduino Nano 3.0',107,'Generic',10,1811710710,451),(NULL,'Electronics',18,'Micro Controllers',117,'Arduino UNO R3',108,'Generic',10,1811710810,452),(NULL,'Electronics',18,'Integrated Circuits (ICs)',118,'2.4G Remote Controller Receiver Kit',100,'Generic',10,1811810010,453),(NULL,'Electronics',18,'Integrated Circuits (ICs)',118,'SparkFun Spectrum Shield',101,'SparkFun',22,1811810122,454),(NULL,'Electronics',18,'Integrated Circuits (ICs)',118,'NANO IO Shield Expansion Board',102,'Generic',10,1811810210,455),(NULL,'Electronics',18,'Integrated Circuits (ICs)',118,'Arduino Uno R3 Sensor Sheild',103,'Generic',10,1811810310,456),(NULL,'Electronics',18,'Integrated Circuits (ICs)',118,'Mini Breadboard 170 pins',104,'Generic',10,1811810410,457),(NULL,'Electronics',18,'Integrated Circuits (ICs)',118,'General Purpose Solderable Vero Board 3x2',105,'Univolt',23,1811810523,458),(NULL,'Electronics',18,'Integrated Circuits (ICs)',118,'General Purpose Solderable Vero Board 6x4',106,'Univolt',23,1811810623,459),(NULL,'Electronics',18,'Integrated Circuits (ICs)',118,'Male Berg Strip 40 pins (Pack of 5)',107,'Generic',10,1811810710,460),(NULL,'Electronics',18,'Integrated Circuits (ICs)',118,'Female Berg Strip 40 pins (Pack of 5)',108,'Generic',10,1811810810,461),(NULL,'Electronics',18,'Integrated Circuits (ICs)',118,'Self Adhesive Prototyping Shield',109,'Generic',10,1811810910,462),(NULL,'Electronics',18,'Integrated Circuits (ICs)',118,'Solderless Breadboard 800 pins',110,'Generic',10,1811811010,463),(NULL,'Electronics',18,'Integrated Circuits (ICs)',118,'Solderless Breadboard 400 pin',111,'Generic',10,1811811110,464),(NULL,'Electronics',18,'Adapters and Regulators',119,'Transistor PNP 2N3906 (Pack of 5)',100,'Generic',10,1811910010,465),(NULL,'Electronics',18,'Adapters and Regulators',119,'Transistor NPN 2N3904 (Pack of 5)',101,'Generic',10,1811910110,466),(NULL,'Electronics',18,'Adapters and Regulators',119,'BC 557 Transistor (Pack of 10)',102,'Generic',10,1811910210,467),(NULL,'Electronics',18,'Adapters and Regulators',119,'DC Power Adapter 12V 1 amp',103,'Generic',10,1811910310,468),(NULL,'Electronics',18,'Adapters and Regulators',119,'DC Power Adapter 12V 2 amp',104,'Generic',10,1811910410,469),(NULL,'Electronics',18,'Adapters and Regulators',119,'Power Adapter 5v 1a SMPS Dual Pin (1.5mm+2.5mm)',105,'Generic',10,1811910510,470),(NULL,'Electronics',18,'Adapters and Regulators',119,'BC 548 Amplifying Transistor (Pack of 10)',106,'Generic',10,1811910610,471),(NULL,'Electronics',18,'Adapters and Regulators',119,'Power Adapter 9 Volt 1 amp',107,'Generic',10,1811910710,472),(NULL,'Electronics',18,'Adapters and Regulators',119,'BC 547 NPN General Purpose Transistor (Pack of 10)',108,'Generic',10,1811910810,473),(NULL,'Electronics',18,'Adapters and Regulators',119,'Linear Voltage Regulator 7809 (Pack of 5)',109,'Generic',10,1811910910,474),(NULL,'Electronics',18,'Adapters and Regulators',119,'Linear Voltage Regulators 7812 (Pack of 5)',110,'Generic',10,1811911010,475),(NULL,'Electronics',18,'Adapters and Regulators',119,'Linear Voltage Regulator 7805  (Pack of 5)',111,'Generic',10,1811911110,476),(NULL,'Electronics',18,'Switches, Relays and Sockets',120,'Hanging Bed Switch',100,'Generic',10,1812010010,477),(NULL,'Electronics',18,'Switches, Relays and Sockets',120,'Tungsten Bulb Holder (Screw Type)',101,'Generic',10,1812010110,478),(NULL,'Electronics',18,'Switches, Relays and Sockets',120,'Toggle Switch (Pack of 2)',102,'Generic',10,1812010210,479),(NULL,'Electronics',18,'Switches, Relays and Sockets',120,'Big Rocker Switch 3 Leg (Pack of 2)',103,'Generic',10,1812010310,480),(NULL,'Electronics',18,'Switches, Relays and Sockets',120,'Rotary Switch 7 Way  (Pack of 2)',104,'Generic',10,1812010410,481),(NULL,'Electronics',18,'Switches, Relays and Sockets',120,'3.5mm Female Stereo Jack',105,'Generic',10,1812010510,482),(NULL,'Electronics',18,'Switches, Relays and Sockets',120,'Single Channel Relay Module',106,'Generic',10,1812010610,483),(NULL,'Electronics',18,'Switches, Relays and Sockets',120,'Simple Sliding Switch (SPDT) 3 Leg (Pack of 5)',107,'Generic',10,1812010710,484),(NULL,'Electronics',18,'Switches, Relays and Sockets',120,'Push Button Switch on/off (Square)',108,'Generic',10,1812010810,485),(NULL,'Electronics',18,'Switches, Relays and Sockets',120,'Mercury Ball Tilt Switch 5mm Diameter',109,'Generic',10,1812010910,486),(NULL,'Electronics',18,'Switches, Relays and Sockets',120,'Bulb Holder Wall Mounted',110,'Generic',10,1812011010,487),(NULL,'Electronics',18,'Switches, Relays and Sockets',120,'Switch Slide Mini DPDT On-On 6 Leg (Pack of 3)',111,'Generic',10,1812011110,488),(NULL,'Electronics',18,'Switches, Relays and Sockets',120,'2 Pin Male Electric Plug',112,'Generic',10,1812011210,489),(NULL,'Electronics',18,'Switches, Relays and Sockets',120,'Mini Rocker Switch 2 Leg (Pack of 5)',113,'Generic',10,1812011310,490),(NULL,'Electronics',18,'Switches, Relays and Sockets',120,'Reed Switch',114,'Generic',10,1812011410,491),(NULL,'Electronics',18,'Switches, Relays and Sockets',120,'Double Pole Double Throw (DPDT) Switch',115,'Generic',10,1812011510,492),(NULL,'Electronics',18,'Switches, Relays and Sockets',120,'Double Channel Relay Module',116,'Generic',10,1812011610,493),(NULL,'Electronics',18,'Switches, Relays and Sockets',120,'Small Push Button Switch (Pack of 10)',117,'Generic',10,1812011710,494),(NULL,'Electronics',18,'Switches, Relays and Sockets',120,'Joystick Module',118,'Generic',10,1812011810,495),(NULL,'Electronics',18,'Switches, Relays and Sockets',120,'Universial 16 Key Switch Keypad',119,'Generic',10,1812011910,496),(NULL,'Electronics',18,'Switches, Relays and Sockets',120,'Momentary Push Button Red 18mm x 10 mm (Pack of 3)',120,'Generic',10,1812012010,497),(NULL,'Electronics',18,'Switches, Relays and Sockets',120,'SIngle Pole Single Throw (SPST) Switch',121,'Generic',10,1812012110,498),(NULL,'Electronics',18,'Display Modules',121,'DC Voltmeter Module Two Wire 0.28 Inch 3.5-30v',100,'Generic',10,1812110010,499),(NULL,'Electronics',18,'Display Modules',121,'OLED Display Module 0.96 inch 7 pins',101,'Generic',10,1812110110,500),(NULL,'Electronics',18,'Display Modules',121,'4 Digit 7 Segment Display Module with Tm1637 Clock Display',102,'Generic',10,1812110210,501),(NULL,'Electronics',18,'Display Modules',121,'Dot Matrix LCD Display 16x2',103,'Generic',10,1812110310,502),(NULL,'Electronics',18,'Buzzers and Speakers',122,'CSR8645 4.0 Low Power Bluetooth Audio Amplifier Module',100,'Generic',10,1812210010,503),(NULL,'Electronics',18,'Buzzers and Speakers',122,'Audio Speaker Driver Unit 50mm 3W',101,'Generic',10,1812210110,504),(NULL,'Electronics',18,'Buzzers and Speakers',122,'Speaker 8 ohm 0.2 watt',102,'Generic',10,1812210210,505),(NULL,'Electronics',18,'Buzzers and Speakers',122,'Sound Playback Module',103,'Generic',10,1812210310,506),(NULL,'Electronics',18,'Buzzers and Speakers',122,'Big Active Buzzer B27',104,'Generic',10,1812210410,507),(NULL,'Electronics',18,'Buzzers and Speakers',122,'Small Active Buzzer B10 (Pack of 2)',105,'Generic',10,1812210510,508),(NULL,'Electronics',18,'Buzzers and Speakers',122,'Piezoelectric Plate  (Pack of 3)',106,'Generic',10,1812210610,509),(NULL,'Robotics',19,'General Purpose DC Motors',123,'N20 120 RPM Micro Metal Gear Motor with Encoder',100,'Generic',10,1912310010,510),(NULL,'Robotics',19,'General Purpose DC Motors',123,'Mini Vibration Motor 3V Coreless High Speed',101,'Generic',10,1912310110,511),(NULL,'Robotics',19,'General Purpose DC Motors',123,'Double Shaft DC Toy Motor',102,'Generic',10,1912310210,512),(NULL,'Robotics',19,'General Purpose DC Motors',123,'Hubsan The X4 H107L Anti Clockwise motors',103,'Generic',10,1912310310,513),(NULL,'Robotics',19,'General Purpose DC Motors',123,'Hubsan The X4 H107L Clockwise motors',104,'Generic',10,1912310410,514),(NULL,'Robotics',19,'General Purpose DC Motors',123,'DC Round Motor 12V',105,'Generic',10,1912310510,515),(NULL,'Robotics',19,'General Purpose DC Motors',123,'Mini Water Pump',106,'Generic',10,1912310610,516),(NULL,'Robotics',19,'General Purpose DC Motors',123,'DC Geared Motor 300 RPM',107,'Generic',10,1912310710,517),(NULL,'Robotics',19,'General Purpose DC Motors',123,'DC Geared Motor 100 RPM',108,'Generic',10,1912310810,518),(NULL,'Robotics',19,'General Purpose DC Motors',123,'DC Gear Motor 150 RPM 12V',109,'Generic',10,1912310910,519),(NULL,'Robotics',19,'General Purpose DC Motors',123,'Vibrating DC Motor 3-9V (Toy Motor Size)',110,'Generic',10,1912311010,520),(NULL,'Robotics',19,'General Purpose DC Motors',123,'DC Gear Motor 30 RPM',111,'Generic',10,1912311110,521),(NULL,'Robotics',19,'General Purpose DC Motors',123,'Mini Coreless DC Motor',112,'Generic',10,1912311210,522),(NULL,'Robotics',19,'General Purpose DC Motors',123,'Single Shaft Toy DC Motor',113,'Generic',10,1912311310,523),(NULL,'Robotics',19,'General Purpose DC Motors',123,'Metallic DC Motor with Gear',114,'Generic',10,1912311410,524),(NULL,'Robotics',19,'Robotic Wheels and Tyres',124,'Ball Caster Wheels (Plastic Body)',100,'Generic',10,1912410010,525),(NULL,'Robotics',19,'Robotic Wheels and Tyres',124,'BO Wheel 7cm Dia. x 1cm Width',101,'Generic',10,1912410110,526),(NULL,'Robotics',19,'Robotic Wheels and Tyres',124,'Robot DC Wheels (Small)',102,'Generic',10,1912410210,527),(NULL,'Robotics',19,'Robotic Wheels and Tyres',124,'Robotic DC Wheels 7cm x 2cm (Pack of 2)',103,'Generic',10,1912410310,528),(NULL,'Robotics',19,'Robotic Wheels and Tyres',124,'Small Wheel (For BO Motor)',104,'Generic',10,1912410410,529),(NULL,'Robotics',19,'Servo Motors',125,'CCPM 3 Channel Servo Tester',100,'Generic',10,1912510010,530),(NULL,'Robotics',19,'Servo Motors',125,'Small Servo Motor Plastic Gear (SG 90)',101,'Tower Pro',24,1912510124,531),(NULL,'Robotics',19,'Servo Motors',125,'Continuous Metal Gear Servo Motor 360 Degree (MG995)',102,'Tower Pro',24,1912510224,532),(NULL,'Robotics',19,'Servo Motors',125,'Small Servo Motor Metal Gear (MG90S)',103,'Tower Pro',24,1912510324,533),(NULL,'Robotics',19,'Servo Motors',125,'Position Servo Motor Angle Based Metal Gear 180 Degree (MG995)',104,'Tower Pro',24,1912510424,534),(NULL,'Robotics',19,'Bo Motors',126,'BO Motor (L-Type)',100,'Generic',10,1912610010,535),(NULL,'Robotics',19,'Bo Motors',126,'BO Motor Dual Shaft',101,'Generic',10,1912610110,536),(NULL,'Robotics',19,'Bo Motors',126,'Single Side Shaft BO Motor',102,'Generic',10,1912610210,537),(NULL,'Robotics',19,'Stepper Motors',127,'Stepper motor with Driver board',100,'Generic',10,1912710010,538),(NULL,'Robotics',19,'Motor Shaft and Pulley',128,'DC Motor Plastic Pulley Wheel',100,'Generic',10,1912810010,539),(NULL,'Robotics',19,'Motor Shaft and Pulley',128,'Metal Shaft',101,'Generic',10,1912810110,540),(NULL,'Robotics',19,'Motor Shaft and Pulley',128,'Toy Motor Shaft Pulley',102,'Generic',10,1912810210,541),(NULL,'Robotics',19,'Motor Drivers',129,'Arduino Motor Shield L293D',100,'Generic',10,1912910010,542),(NULL,'Robotics',19,'Motor Drivers',129,'L293D Motor Driver Module',101,'Generic',10,1912910110,543),(NULL,'Robotics',19,'Motor Drivers',129,'L298N 2A Based Motor Driver Module',102,'Generic',10,1912910210,544),(NULL,'Robotics',19,'Motor Gears',130,'Coreless Motor Gear',100,'Generic',10,1913010010,545),(NULL,'Robotics',19,'Motor Gears',130,'Gear For 2mm Shaft',101,'Generic',10,1913010110,546),(NULL,'Electronics',18,'Diodes, LEDs and Bulbs',116,'1M 5V RGB Non-Waterproof LED Strip 60LEDs/Mtr',136,'Generic',10,1811613610,547),(NULL,'Aeromodelling',14,'Aeromodelling',104,'2 Blade Propeller',113,'Generic',10,1410411310,548),(NULL,'Electronics',18,'Integrated Circuits (ICs)',118,'2-Channel 3W PAM8403 Audio Amplifier Board',112,'Generic',10,1811811210,549),(NULL,'Aeromodelling',14,'Aeromodelling',104,'3 Blade Small Propeller',114,'Generic',10,1410411410,550),(NULL,'Electronics',18,'Integrated Circuits (ICs)',118,'4 Channel Remote Controller Transmitter and Receiver',113,'Generic',10,1811811310,551),(NULL,'Arts & Crafts',10,'Arts & Crafts',100,'A4 Black Paper - 120 GSM',157,'Generic',10,1010015710,552),(NULL,'Arts & Crafts',10,'Arts & Crafts',100,'A4 Sheet Pack - 25 pcs',158,'Generic',10,1010015810,553),(NULL,'Hardware',16,'Hand Tools',107,'Adjustable Spanner 1172',113,'Generic',10,1610711310,554),(NULL,'Hardware',16,'Power Machines',108,'Air Blower',103,'Generic',10,1610810310,555),(NULL,'Hardware',16,'Hand Tools',107,'Allen Key Set',114,'Generic',10,1610711410,556),(NULL,'Hardware',16,'Hand Tools',107,'Bench Vise 4 inch',115,'Generic',10,1610711510,557),(NULL,'Arts & Crafts',10,'Arts & Crafts',100,'Black Rubber Tape (Standard Size)',159,'Generic',10,1010015910,558),(NULL,'Electronics',18,'Integrated Circuits (ICs)',118,'BreadBoard Power Supply Module',114,'Generic',10,1811811410,559),(NULL,'Robotics',19,'General Purpose DC Motors',123,'Brushlesss Motor A2212 2200KV',115,'Generic',10,1912311510,560),(NULL,'Arts & Crafts',10,'Arts & Crafts',100,'Clear Spray Paint (Lacqure)',160,'ABRO',25,1010016025,561),(NULL,'Arts & Crafts',10,'Arts & Crafts',100,'Colorful Threads',161,'Generic',10,1010016110,562),(NULL,'Hardware',16,'Hardware Accessories',106,'Component Organiser Box ACO25',127,'Generic',10,1610612710,563),(NULL,'Hardware',16,'Hardware Accessories',106,'Compression Spring',128,'Generic',10,1610612810,564),(NULL,'Hardware',16,'Hardware Accessories',106,'Cordless Drill Bit 5mm',129,'Generic',10,1610612910,565),(NULL,'Electronics',18,'Integrated Circuits (ICs)',118,'DC to DC Step Up Booster XL6009',115,'Generic',10,1811811510,566),(NULL,'Hardware',16,'Hardware Accessories',106,'Deep Grove Ball Bearing',130,'Generic',10,1610613010,567),(NULL,'Hardware',16,'Hand Tools',107,'Desoldering Pump Sucker',116,'Soldron',26,1610711626,568),(NULL,'Hardware',16,'Hardware Accessories',106,'Desoldering Wick Copper',131,'Generic',10,1610613110,569),(NULL,'Casing and Chassis',13,'Casing and Chassis',103,'3D Printed LED Thumb Ring Book Holder',126,'Generic',10,1310312610,570),(NULL,'Electronics',18,'Integrated Circuits (ICs)',118,'I2C Module for 16x2 Character LCD',116,'Generic',10,1811811610,571),(NULL,'Hardware',16,'Hardware Accessories',106,'Drill Bit - 2mm',132,'Generic',10,1610613210,572),(NULL,'Hardware',16,'Hardware Accessories',106,'Drill Bit - 3mm',133,'Generic',10,1610613310,573),(NULL,'Hardware',16,'Hardware Accessories',106,'Drill Bit - 4mm',134,'Generic',10,1610613410,574),(NULL,'Hardware',16,'Hardware Accessories',106,'Drill Bit - 8mm',135,'Generic',10,1610613510,575),(NULL,'Hardware',16,'Hardware Accessories',106,'Drill Bit Set 13 pcs',136,'Generic',10,1610613610,576),(NULL,'Hardware',16,'Power Machines',108,'Drill Machine Impact Professional Kit',104,'Bosch',27,1610810427,577),(NULL,'Hardware',16,'Hardware Accessories',106,'Easy Fix Nails (20 pieces) 1 inch',137,'Generic',10,1610613710,578),(NULL,'Hardware',16,'Hardware Accessories',106,'Easy Fix Nails (20 pieces) 1.5 inch',138,'Generic',10,1610613810,579),(NULL,'Hardware',16,'Hardware Accessories',106,'Eye Screw Hook 10pcs',139,'Generic',10,1610613910,580),(NULL,'Hardware',16,'Hand Tools',107,'File Needle Set',117,'Stanley',28,1610711728,581),(NULL,'Hardware',16,'Hand Tools',107,'File Set 6 inch',118,'Stanley',28,1610711828,582),(NULL,'Arts & Crafts',10,'Arts & Crafts',100,'Four Bearing Fidget Spinner',162,'Generic',10,1010016210,583),(NULL,'Miscellaneous',15,'Miscellaneous',105,'Glass Water Beaker 1000ml',114,'Generic',10,1510511410,584),(NULL,'Hardware',16,'Hardware Accessories',106,'Gypsm Screw',140,'Generic',10,1610614010,585),(NULL,'IoT Sensors',12,'IoT Sensors',102,'Heart  Beat Sensor KY-039',137,'Generic',10,1210213710,586),(NULL,'Hardware',16,'Hardware Accessories',106,'Heat Shrink Tube (in meters) 2mm',141,'Generic',10,1610614110,587),(NULL,'Miscellaneous',15,'Miscellaneous',105,'High Pressure Strong Foot Pump',115,'Generic',10,1510511510,588),(NULL,'Hardware',16,'Hardware Accessories',106,'Hook Screw B Type (Pack of 10)',142,'Generic',10,1610614210,589),(NULL,'IoT Sensors',12,'IoT Sensors',102,'Infrared Distance Sensor VE713 for 10-80cm distance',138,'Generic',10,1210213810,590),(NULL,'Arts & Crafts',10,'Arts & Crafts',100,'Jute Textured Craft Paper',163,'Generic',10,1010016310,591),(NULL,'Arts & Crafts',10,'Arts & Crafts',100,'Kulfi Sticks',164,'Generic',10,1010016410,592),(NULL,'Casing and Chassis',13,'Casing and Chassis',103,'Laser Cut Key Chain',127,'Generic',10,1310312710,593),(NULL,'Electronics',18,'Integrated Circuits (ICs)',118,'Lm2596 DC DC Converter Step Down Module',117,'Generic',10,1811811710,594),(NULL,'Arts & Crafts',10,'Arts & Crafts',100,'Matt Black Spray Paint',165,'ABRO',25,1010016525,595),(NULL,'Electronics',18,'Integrated Circuits (ICs)',118,'Micro USB Breakout Board Power Charging Module',118,'Generic',10,1811811810,596),(NULL,'Arts & Crafts',10,'Arts & Crafts',100,'Mini Cable Tie 12 inch',166,'Generic',10,1010016610,597),(NULL,'Arts & Crafts',10,'Arts & Crafts',100,'Mini Cable Tie 6 inch',167,'Generic',10,1010016710,598),(NULL,'Arts & Crafts',10,'Arts & Crafts',100,'Mini Cable Tie 8 inch',168,'Generic',10,1010016810,599),(NULL,'Hardware',16,'Hardware Accessories',106,'Mini Hinge',143,'Generic',10,1610614310,600),(NULL,'Aeromodelling',14,'Aeromodelling',104,'Four Blade Mini Propeller',115,'Generic',10,1410411510,601),(NULL,'Hardware',16,'Power Machines',108,'Multicolor Dremel Machine 10k-30k RPM',105,'Dremel 2000',29,1610810529,602),(NULL,'Hardware',16,'Measuring Tools',109,'Oscilloscope 50 MHZ',101,'Vomo',30,1610910130,603),(NULL,'Hardware',16,'Hand Tools',107,'Pagkis Non-Magnetic Stainless Steel Tweezers',119,'Pagkis',31,1610711931,604),(NULL,'Arts & Crafts',10,'Arts & Crafts',100,'Plain Straws (Pack of 10)',169,'Generic',10,1010016910,605),(NULL,'Hardware',16,'Hardware Accessories',106,'Plastic Spacer 1 inch Pack - 10',144,'Generic',10,1610614410,606),(NULL,'Arts & Crafts',10,'Arts & Crafts',100,'Plastic TT Ball',170,'Stiga',32,1010017032,607),(NULL,'Hardware',16,'Hardware Accessories',106,'Plastic Washer 5mm',145,'Generic',10,1610614510,608),(NULL,'Hardware',16,'Hardware Accessories',106,'Polishing Abrasive Sand Paper 100',146,'Generic',10,1610614610,609),(NULL,'Hardware',16,'Hardware Accessories',106,'Polishing Abrasive Sand Paper 120',147,'Generic',10,1610614710,610),(NULL,'Hardware',16,'Hardware Accessories',106,'Polishing Abrasive Sand Paper 220',148,'Generic',10,1610614810,611),(NULL,'Hardware',16,'Hardware Accessories',106,'Polishing Abrasive Sand Paper 320',149,'Generic',10,1610614910,612),(NULL,'Hardware',16,'Hardware Accessories',106,'Polishing Abrasive Sand Paper 400',150,'Generic',10,1610615010,613),(NULL,'Hardware',16,'Hardware Accessories',106,'Polishing Abrasive Sand Paper 80',151,'Generic',10,1610615110,614),(NULL,'Arts & Crafts',10,'Arts & Crafts',100,'Polyester Thread 1000 Mtr. Roll',171,'Generic',10,1010017110,615),(NULL,'Electronics',18,'Resistors and Capacitors',113,'Potentiometer 100K 104 (Pack of 5)',113,'Generic',10,1811311310,616),(NULL,'Electronics',18,'Resistors and Capacitors',113,'Potentiometer 1K 102 (Pack of 5)',114,'Generic',10,1811311410,617),(NULL,'Arts & Crafts',10,'Arts & Crafts',100,'PVA Sponge Tubes',172,'Generic',10,1010017210,618),(NULL,'Prototyping',17,'PVC Modelling',111,'PVC Rubber Hose Pipe',110,'Generic',10,1711111010,619),(NULL,'Electronics',18,'Integrated Circuits (ICs)',118,'RF 60 Meter Four Channel Remote +  2A Dual Motor Driver',119,'Generic',10,1811811910,620),(NULL,'Hardware',16,'Hardware Accessories',106,'Right Angle Corner bracket',152,'Generic',10,1610615210,621),(NULL,'Miscellaneous',15,'Miscellaneous',105,'Round Acrylic Hollow Pipe-30mm',116,'Generic',10,1510511610,622),(NULL,'Miscellaneous',15,'Miscellaneous',105,'Round Acrylic Hollow Pipe-3mm',117,'Generic',10,1510511710,623),(NULL,'Arts & Crafts',10,'Arts & Crafts',100,'Round Wooden Dowel Stick',173,'Generic',10,1010017310,624),(NULL,'Arts & Crafts',10,'Arts & Crafts',100,'Scissor - Munix 1158',174,'Munix',34,1010017434,625),(NULL,'Hardware',16,'Hardware Accessories',106,'Screw Driver Set Precision',153,'Taparia',35,1610615335,626),(NULL,'Hardware',16,'Hardware Accessories',106,'Screw Driver Set Ratcheting',154,'Stanley',28,1610615428,627),(NULL,'IoT Sensors',12,'IoT Sensors',102,'Seven Segment Line Sensing Array',139,'Generic',10,1210213910,628),(NULL,'Arts & Crafts',10,'Arts & Crafts',100,'Sheet Flexible Cutting Mat A3',175,'Generic',10,1010017510,629),(NULL,'Hardware',16,'Hardware Accessories',106,'Small Latch Lock',155,'Generic',10,1610615510,630),(NULL,'Arts & Crafts',10,'Arts & Crafts',100,'Smooth Striped Straws (Pack of 10 pcs)',176,'Generic',10,1010017610,631),(NULL,'Arts & Crafts',10,'Arts & Crafts',100,'Snap-Off Cutter 18mm',177,'Generic',10,1010017710,632),(NULL,'Hardware',16,'Power Machines',108,'Soldering Station Analog',106,'Station 75',36,1610810636,633),(NULL,'Hardware',16,'Hardware Accessories',106,'Solid Core Metal Rods 12mm',156,'Generic',10,1610615610,634),(NULL,'Hardware',16,'Hardware Accessories',106,'Solid Core Metal Rods 6mm',157,'Generic',10,1610615710,635),(NULL,'Hardware',16,'Hand Tools',107,'Spanner Set Combination',120,'Stanley',28,1610712028,636),(NULL,'Arts & Crafts',10,'Arts & Crafts',100,'Spray Paint Blue',178,'ABRO',25,1010017825,637),(NULL,'Arts & Crafts',10,'Arts & Crafts',100,'Spray Paint Copper',179,'ABRO',25,1010017925,638),(NULL,'Arts & Crafts',10,'Arts & Crafts',100,'Spray Paint Green',180,'ABRO',25,1010018025,639),(NULL,'Arts & Crafts',10,'Arts & Crafts',100,'Spray Paint Metallic',181,'ABRO',25,1010018125,640),(NULL,'Arts & Crafts',10,'Arts & Crafts',100,'Spray Paint Red',182,'ABRO',25,1010018225,641),(NULL,'Arts & Crafts',10,'Arts & Crafts',100,'Spray Paint Silver',183,'ABRO',25,1010018325,642),(NULL,'Arts & Crafts',10,'Arts & Crafts',100,'Spray Paint White',184,'ABRO',25,1010018425,643),(NULL,'Arts & Crafts',10,'Arts & Crafts',100,'Spray Paint Yellow',185,'ABRO',25,1010018525,644),(NULL,'Hardware',16,'Hardware Accessories',106,'Stanley Hacksaw Junior Blade 6 inch',158,'Stanley',28,1610615828,645),(NULL,'Hardware',16,'Hardware Accessories',106,'Stanley High Speed Steel Hacksaw Blade 12 inch',159,'Stanley',28,1610615928,646),(NULL,'Hardware',16,'Hand Tools',107,'Stanley Small File - Power Grip',121,'Stanley',28,1610712128,647),(NULL,'STEAM Kits',11,'STEAM Kits',101,'StrawIt Imagination Kit',109,'Generic',10,1110110910,648),(NULL,'Arts & Crafts',10,'Arts & Crafts',100,'Sunboard A3',186,'Generic',10,1010018610,649),(NULL,'Arts & Crafts',10,'Arts & Crafts',100,'Sunboard A4',187,'Generic',10,1010018710,650),(NULL,'Hardware',16,'Hand Tools',107,'Taparia C Clamp 3 inch',122,'Taparia',35,1610712235,651),(NULL,'Hardware',16,'Hand Tools',107,'Taparia Long Nose Plier',123,'Taparia',35,1610712335,652),(NULL,'Hardware',16,'Hand Tools',107,'Taparia Needle Long Nose Plier',124,'Taparia',35,1610712435,653),(NULL,'Hardware',16,'Hand Tools',107,'Taparia Plier Combination',125,'Taparia',35,1610712535,654),(NULL,'Arts & Crafts',10,'Arts & Crafts',100,'Thin PVA Foam Sheet',188,'Generic',10,1010018810,655),(NULL,'Electronics',18,'Integrated Circuits (ICs)',118,'TP4056 1A Li-ion Battery Charging Module',120,'Generic',10,1811812010,656),(NULL,'Miscellaneous',15,'Miscellaneous',105,'Transparent Acrylic Film',118,'Generic',10,1510511810,657),(NULL,'Arts & Crafts',10,'Arts & Crafts',100,'Transparent OHP Sheet',189,'Generic',10,1010018910,658),(NULL,'Miscellaneous',15,'Miscellaneous',105,'Transparent Silicon Pipe 2mm',119,'Generic',10,1510511910,659),(NULL,'IoT Sensors',12,'IoT Sensors',102,'UV Detector Module',140,'Generic',10,1210214010,660),(NULL,'Arts & Crafts',10,'Arts & Crafts',100,'Water Color Paint Brush',190,'Generic',10,1010019010,661),(NULL,'Arts & Crafts',10,'Arts & Crafts',100,'Water Colors',191,'Generic',10,1010019110,662),(NULL,'Hardware',16,'Hardware Accessories',106,'Wire Nipper',160,'Generic',10,1610616010,663),(NULL,'Hardware',16,'Hardware Accessories',106,'Work Station Stand For Drill Machine',161,'Generic',10,1610616110,664),(NULL,'Miscellaneous',15,'Miscellaneous',105,'12V Electric Solenoid Valve (Water/Air)',120,'Generic',10,1510512010,665),(NULL,'Hardware',16,'Hardware Accessories',106,'150mm Length Nut & Bolt',162,'Generic',10,1610616210,666),(NULL,'Electronics',18,'Cables Connectors and Wires',114,'Single Core Hook Up Wire Roll 25G',131,'Generic',10,1811413110,667),(NULL,'IoT Sensors',12,'IoT Sensors',102,'IR Sensors Array for Line Follower',141,'Generic',10,1210214110,668),(NULL,'IoT Sensors',12,'IoT Sensors',102,'Water Flow Sensor',142,'Generic',10,1210214210,669),(NULL,'Electronics',18,'Integrated Circuits (ICs)',118,'Atmega16u2 DIP IC',121,'Generic',10,1811812110,670),(NULL,'Electronics',18,'Integrated Circuits (ICs)',118,'555 Timer IC  (Pack of 3)',122,'Generic',10,1811812210,671),(NULL,'Prototyping',17,'PVC Modelling',111,'PVC 45 deg. Elbow Joint 0.75 inch',111,'Generic',10,1711111110,672),(NULL,'Prototyping',17,'PVC Modelling',111,'PVC 45 deg. Elbow Joint 1 inch',112,'Generic',10,1711111210,673),(NULL,'Prototyping',17,'PVC Modelling',111,'PVC 90 deg. Elbow Joint 0.5 inch',113,'Generic',10,1711111310,674),(NULL,'Prototyping',17,'PVC Modelling',111,'PVC 90 deg. Elbow Joint 0.75 inch',114,'Generic',10,1711111410,675),(NULL,'Prototyping',17,'PVC Modelling',111,'PVC 90 deg. Elbow Joint 1 inch',115,'Generic',10,1711111510,676),(NULL,'Prototyping',17,'PVC Modelling',111,'PVC 45 deg. Elbow Joint 0.5 inch',116,'Generic',10,1711111610,677),(NULL,'Arts & Crafts',10,'Arts & Crafts',100,'Spray Paint Black',192,'ABRO',25,1010019225,678),(NULL,'Electronics',18,'Resistors and Capacitors',113,'Electrolytic Capacitor 10uF',115,'Generic',10,1811311510,679),(NULL,'Electronics',18,'Resistors and Capacitors',113,'Electrolytic Capacitor 10uF 63V',116,'Generic',10,1811311610,680),(NULL,'Electronics',18,'Resistors and Capacitors',113,'Trimming Potentiometer 10K Ohm',117,'Generic',10,1811311710,681),(NULL,'IoT Sensors',12,'IoT Sensors',102,'PM2.5 GP2Y1010AU0F Optical Dust Sensor',143,'Generic',10,1210214310,682);
/*!40000 ALTER TABLE `item_list` ENABLE KEYS */;
UNLOCK TABLES;

--
-- Table structure for table `login_out`
--

DROP TABLE IF EXISTS `login_out`;
/*!40101 SET @saved_cs_client     = @@character_set_client */;
/*!40101 SET character_set_client = utf8 */;
CREATE TABLE `login_out` (
  `id` int(255) NOT NULL AUTO_INCREMENT,
  `login_time` varchar(255) NOT NULL,
  `logout_time` varchar(255) DEFAULT NULL,
  `email` varchar(255) NOT NULL,
  `token` varchar(200) NOT NULL,
  PRIMARY KEY (`id`)
) ENGINE=MyISAM AUTO_INCREMENT=70 DEFAULT CHARSET=latin7;
/*!40101 SET character_set_client = @saved_cs_client */;

--
-- Dumping data for table `login_out`
--

LOCK TABLES `login_out` WRITE;
/*!40000 ALTER TABLE `login_out` DISABLE KEYS */;
INSERT INTO `login_out` VALUES (42,'2019-06-28 11:37:15','2019-06-28 06:07:35','anandsaurav85@gmail.com','7296'),(41,'2019-06-27 15:01:34',NULL,'anandsauravkarn@gmail.com','32209'),(40,'2019-06-27 15:00:06','2019-06-27 09:31:07','anandsaurav85@gmail.com','9464'),(38,'2019-06-26 17:41:15','2019-06-26 12:12:46','anandsaurav85@gmail.com','6892'),(37,'2019-06-26 17:41:02','2019-06-26 12:11:06','anandsauravkarn@gmail.com','13240'),(39,'2019-06-27 11:25:50',NULL,'anandsaurav85@gmail.com','17809'),(36,'2019-06-26 17:40:12','2019-06-26 12:10:57','anandsaurav85@gmail.com','30235'),(33,'2019-06-26 16:58:39','2019-06-26 11:29:00','anandsaurav85@gmail.com','19523'),(32,'2019-06-26 16:50:58','2019-06-26 11:28:34','anandsauravkarn@gmail.com','2078'),(31,'2019-06-26 11:20:10','2019-06-26 11:20:50','anandsauravkarn@gmail.com','30115'),(30,'2019-06-26 11:17:23','2019-06-26 11:18:23','anandsauravkarn@gmail.com','30036'),(29,'2019-06-26 11:14:37','2019-06-26 11:14:39','anandsauravkarn@gmail.com','3239'),(43,'2019-06-28 12:15:40',NULL,'anandsaurav85@gmail.com','694732051'),(44,'2019-06-28 12:16:44','2019-06-28 06:49:02','anandsaurav85@gmail.com','320076558'),(45,'2019-06-28 12:24:33','2019-06-28 07:14:15','anandsauravkarn@gmail.com','1317287182'),(46,'2019-06-28 12:45:25','2019-06-28 07:18:20','anandsauravkarn@gmail.com','806815790'),(47,'2019-06-28 12:48:43','2019-06-28 07:19:35','anandsauravkarn@gmail.com','1781548557'),(48,'2019-06-28 12:50:01','2019-06-28 07:22:17','anandsauravkarn@gmail.com','1663760819'),(49,'2019-07-01 10:30:48','2019-07-01 05:02:35','anandsaurav85@gmail.com','114974120'),(50,'2019-07-02 12:20:51',NULL,'anandsaurav85@gmail.com','915426401'),(51,'2019-07-02 16:53:13',NULL,'anandsaurav85@gmail.com','2068026967'),(52,'2019-07-03 19:30:05','2019-07-03 14:01:26','anandsaurav85@gmail.com','766446957'),(53,'2019-07-03 19:31:33',NULL,'anandsaurav85@gmail.com','172286773'),(54,'2019-07-04 14:28:46','2019-07-04 10:06:40','anandsaurav85@gmail.com','1935231441'),(55,'2019-07-04 17:03:30',NULL,'anandsaurav85@gmail.com','2054821178'),(56,'2019-07-05 10:55:38',NULL,'anandsaurav85@gmail.com','2117544044'),(57,'2019-07-08 18:21:07',NULL,'anandsaurav85@gmail.com','1680886806'),(58,'2019-07-10 18:48:58',NULL,'anandsaurav85@gmail.com','1568741794'),(59,'2019-07-12 11:44:31',NULL,'anandsaurav85@gmail.com','449184593'),(60,'2019-07-12 11:58:00','2019-07-12 06:28:39','anandsaurav85@gmail.com','1985595044'),(61,'2019-09-25 10:46:01','2019-09-25 05:16:28','anandsaurav85@gmail.com','2047601076'),(62,'2019-10-06 21:05:53',NULL,'anandsaurav85@gmail.com','1356319662'),(63,'2019-10-23 14:56:33','2019-10-23 09:27:24','anandsaurav85@gmail.com','501788351'),(64,'2019-10-31 12:36:15',NULL,'anandsaurav85@gmail.com','1204162964'),(65,'2019-12-03 12:16:32','2019-12-03 07:27:05','anandsaurav85@gmail.com','404224459'),(66,'2019-12-06 13:07:51',NULL,'anandsaurav85@gmail.com','1759638320'),(67,'2019-12-06 15:17:49',NULL,'anandsaurav85@gmail.com','1853688562'),(68,'2019-12-06 16:45:33',NULL,'anandsaurav85@gmail.com','1507368363'),(69,'2020-01-17 17:11:07',NULL,'anandsaurav85@gmail.com','1327513891');
/*!40000 ALTER TABLE `login_out` ENABLE KEYS */;
UNLOCK TABLES;

--
-- Table structure for table `maincategories`
--

DROP TABLE IF EXISTS `maincategories`;
/*!40101 SET @saved_cs_client     = @@character_set_client */;
/*!40101 SET character_set_client = utf8 */;
CREATE TABLE `maincategories` (
  `main_category` varchar(255) NOT NULL,
  `main_code` int(200) unsigned NOT NULL AUTO_INCREMENT,
  PRIMARY KEY (`main_code`),
  UNIQUE KEY `main_code` (`main_code`),
  UNIQUE KEY `main_code_2` (`main_code`),
  UNIQUE KEY `main_category` (`main_category`)
) ENGINE=MyISAM AUTO_INCREMENT=20 DEFAULT CHARSET=latin7;
/*!40101 SET character_set_client = @saved_cs_client */;

--
-- Dumping data for table `maincategories`
--

LOCK TABLES `maincategories` WRITE;
/*!40000 ALTER TABLE `maincategories` DISABLE KEYS */;
INSERT INTO `maincategories` VALUES ('Arts & Crafts',10),('STEAM Kits',11),('IoT Sensors',12),('Casing and Chassis',13),('Aeromodelling',14),('Miscellaneous ',15),('Hardware',16),('Prototyping',17),('Electronics',18),('Robotics',19);
/*!40000 ALTER TABLE `maincategories` ENABLE KEYS */;
UNLOCK TABLES;

--
-- Table structure for table `my_log`
--

DROP TABLE IF EXISTS `my_log`;
/*!40101 SET @saved_cs_client     = @@character_set_client */;
/*!40101 SET character_set_client = utf8 */;
CREATE TABLE `my_log` (
  `log_id` int(11) NOT NULL AUTO_INCREMENT,
  `email` varchar(255) NOT NULL,
  `prod_name` varchar(255) NOT NULL,
  `prod_sku` varchar(255) NOT NULL,
  `pro_time` varchar(255) NOT NULL,
  PRIMARY KEY (`log_id`)
) ENGINE=MyISAM AUTO_INCREMENT=11 DEFAULT CHARSET=latin7;
/*!40101 SET character_set_client = @saved_cs_client */;

--
-- Dumping data for table `my_log`
--

LOCK TABLES `my_log` WRITE;
/*!40000 ALTER TABLE `my_log` DISABLE KEYS */;
INSERT INTO `my_log` VALUES (5,'anandsaurav85@gmail.com','PVC 45 deg. Elbow Joint 0.5 inch','1711111610','2019-12-06 18:14:39'),(6,'anandsaurav85@gmail.com','Spray Paint Black','1010019225','2019-12-06 18:15:12'),(7,'anandsaurav85@gmail.com','Electrolytic Capacitor 10uF','1811311510','2020-01-17 17:12:23'),(8,'anandsaurav85@gmail.com','Electrolytic Capacitor 10uF 63V','1811311610','2020-01-17 17:14:21'),(9,'anandsaurav85@gmail.com','Trimming Potentiometer 10K Ohm','1811311710','2020-01-17 17:15:50'),(10,'anandsaurav85@gmail.com','PM2.5 GP2Y1010AU0F Optical Dust Sensor','1210214310','2020-01-17 17:17:02');
/*!40000 ALTER TABLE `my_log` ENABLE KEYS */;
UNLOCK TABLES;

--
-- Table structure for table `subcategories`
--

DROP TABLE IF EXISTS `subcategories`;
/*!40101 SET @saved_cs_client     = @@character_set_client */;
/*!40101 SET character_set_client = utf8 */;
CREATE TABLE `subcategories` (
  `sub_code` int(200) NOT NULL AUTO_INCREMENT,
  `sub_category` varchar(255) DEFAULT NULL,
  PRIMARY KEY (`sub_code`),
  UNIQUE KEY `sub_code` (`sub_code`),
  UNIQUE KEY `sub_category_2` (`sub_category`),
  KEY `sub_category` (`sub_category`)
) ENGINE=MyISAM AUTO_INCREMENT=131 DEFAULT CHARSET=latin7;
/*!40101 SET character_set_client = @saved_cs_client */;

--
-- Dumping data for table `subcategories`
--

LOCK TABLES `subcategories` WRITE;
/*!40000 ALTER TABLE `subcategories` DISABLE KEYS */;
INSERT INTO `subcategories` VALUES (100,'Arts & Crafts'),(101,'STEAM Kits'),(102,'IoT Sensors'),(103,'Casing and Chassis'),(104,'Aeromodelling'),(105,'Miscellaneous '),(106,'Hardware Accessories'),(107,'Hand Tools'),(108,'Power Machines'),(109,'Measuring Tools'),(110,'3D Printing'),(111,'PVC Modelling'),(112,'Wood Working'),(113,'Resistors and Capacitors'),(114,'Cables Connectors and Wires'),(115,'Batteries and Accessories'),(116,'Diodes, LEDs and Bulbs'),(117,'Micro Controllers'),(118,'Integrated Circuits (ICs)'),(119,'Adapters and Regulators'),(120,'Switches, Relays and Sockets'),(121,'Display Modules'),(122,'Buzzers and Speakers'),(123,'General Purpose DC Motors'),(124,'Robotic Wheels and Tyres'),(125,'Servo Motors'),(126,'Bo Motors'),(127,'Stepper Motors'),(128,'Motor Shaft and Pulley'),(129,'Motor Drivers'),(130,'Motor Gears');
/*!40000 ALTER TABLE `subcategories` ENABLE KEYS */;
UNLOCK TABLES;

--
-- Table structure for table `users`
--

DROP TABLE IF EXISTS `users`;
/*!40101 SET @saved_cs_client     = @@character_set_client */;
/*!40101 SET character_set_client = utf8 */;
CREATE TABLE `users` (
  `loginid` int(11) NOT NULL AUTO_INCREMENT,
  `username` varchar(255) NOT NULL,
  `password` varchar(255) NOT NULL,
  `role_code` int(11) NOT NULL,
  PRIMARY KEY (`loginid`)
) ENGINE=MyISAM AUTO_INCREMENT=3 DEFAULT CHARSET=latin7;
/*!40101 SET character_set_client = @saved_cs_client */;

--
-- Dumping data for table `users`
--

LOCK TABLES `users` WRITE;
/*!40000 ALTER TABLE `users` DISABLE KEYS */;
INSERT INTO `users` VALUES (1,'anandsaurav85@gmail.com','Anandsaurav@85',1),(2,'anandsauravkarn@gmail.com','Anandsaurav@85',2);
/*!40000 ALTER TABLE `users` ENABLE KEYS */;
UNLOCK TABLES;
/*!40103 SET TIME_ZONE=@OLD_TIME_ZONE */;

/*!40101 SET SQL_MODE=@OLD_SQL_MODE */;
/*!40014 SET FOREIGN_KEY_CHECKS=@OLD_FOREIGN_KEY_CHECKS */;
/*!40014 SET UNIQUE_CHECKS=@OLD_UNIQUE_CHECKS */;
/*!40101 SET CHARACTER_SET_CLIENT=@OLD_CHARACTER_SET_CLIENT */;
/*!40101 SET CHARACTER_SET_RESULTS=@OLD_CHARACTER_SET_RESULTS */;
/*!40101 SET COLLATION_CONNECTION=@OLD_COLLATION_CONNECTION */;
/*!40111 SET SQL_NOTES=@OLD_SQL_NOTES */;

-- Dump completed on 2020-02-12 11:22:29
